{
    "C:/USERS/YSGO/DESKTOP/VPES_SCM/SPECFILE한글/HEADER/HEADER302.H": [
        "f0f519cc0d88c86c0a5aab7091d22e3b",
        false,
        false,
        "17cbbd56"
    ],
    "C:/USERS/YSGO/DESKTOP/VPES_SCM/SPECFILE한글/SRC/CPP/STUDY_SAMPLE.C": [
        "c58929a7b8dc750dcd065437271a555f",
        false,
        false,
        "4d277ecd"
    ],
    "C:/MINGW/INCLUDE/SYS/TYPES.H": [
        "_fbcd01c97be73ad1f89e0177a79f071a",
        true,
        false,
        "40891eaa"
    ],
    "C:/USERS/YSGO/DESKTOP/VPES_SCM/SPECFILE한글/HEADER/HEADER17.H": [
        "ad9c04ff47bf9e160ce506b170b2cd63",
        false,
        false,
        "cb95f392"
    ],
    "C:/USERS/YSGO/DESKTOP/VPES_SCM/SPECFILE한글/SRC/MODULE6/SRC44.C": [
        "31186a3c77c13ca14b6e825dd10b25a4",
        false,
        false,
        "bb5bc743"
    ],
    "C:/USERS/YSGO/DESKTOP/VPES_SCM/SPECFILE한글/SRC/MODULE6/SRC43.C": [
        "916c99f971b39deddd257829c9d7ac29",
        false,
        false,
        "911485e4"
    ],
    "C:/USERS/YSGO/DESKTOP/VPES_SCM/SPECFILE한글/HEADER/HEADER103.H": [
        "3c0a10fada6fd8bc175acb9a7ac76eed",
        false,
        false,
        "f9c53adb"
    ],
    "C:/USERS/YSGO/DESKTOP/VPES_SCM/SPECFILE한글/SRC/MODULE6/SRC41.C": [
        "12dc625306af2fceb098fe203e8f59e3",
        false,
        false,
        "e19be038"
    ],
    "C:/USERS/YSGO/DESKTOP/VPES_SCM/SPECFILE한글/HEADER/HEADER16.H": [
        "4332d78ce3c8b11568b93301ad6bf6af",
        false,
        false,
        "32e2645d"
    ],
    "C:/USERS/YSGO/DESKTOP/VPES_SCM/SPECFILE한글/SRC/MODULE4/SRC181.C": [
        "837ba0de425d697ef6df48c8f2d34e86",
        false,
        false,
        "14be0bfd"
    ],
    "C:/USERS/YSGO/DESKTOP/VPES_SCM/SPECFILE한글/SRC/MODULE7/SRC54.C": [
        "f663eff17898304941d30b48b901d2e1",
        false,
        false,
        "46a1b845"
    ],
    "C:/USERS/YSGO/DESKTOP/VPES_SCM/SPECFILE한글/SRC/MODULE7/SRC51.C": [
        "b222c5e1bc01ca4b0c2455317a78cc54",
        false,
        false,
        "1c619f3e"
    ],
    "C:/MINGW/LIB/GCC/MINGW32/6.3.0/INCLUDE/STDDEF.H": [
        "_229cfc2b07325e2898b40babd7dc8550",
        true,
        false,
        "b31c80c8"
    ],
    "C:/USERS/YSGO/DESKTOP/VPES_SCM/SPECFILE한글/HEADER/HEADER304.H": [
        "893ee843968000d9fe0498c9b2be1784",
        false,
        false,
        "f8384a8f"
    ],
    "C:/USERS/YSGO/DESKTOP/VPES_SCM/SPECFILE한글/HEADER/HEADER11.H": [
        "af05d11d23d4fbeb017dc17b4ca013f1",
        false,
        false,
        "b13789f3"
    ],
    "C:/USERS/YSGO/DESKTOP/VPES_SCM/SPECFILE한글/SRC/MODULE3/SRC13.C": [
        "16dcf43298cdd0dcb3fc8fdcabb09b03",
        false,
        false,
        "bea79cf9"
    ],
    "C:/USERS/YSGO/DESKTOP/VPES_SCM/SPECFILE한글/HEADER/HEADER201.H": [
        "4e182a2354e0bd8a3da169dd71bbc255",
        false,
        false,
        "2c2a915e"
    ],
    "C:/USERS/YSGO/DESKTOP/VPES_SCM/SPECFILE한글/SRC/MODULE5/SRC32.C": [
        "16ecba026bc237f961d0ace2fdcd21a9",
        false,
        false,
        "30a0edb"
    ],
    "C:/USERS/YSGO/DESKTOP/VPES_SCM/SPECFILE한글/.STATICDATA/PREINCLUDE/RECENT_PREINCLUDE_C.H": [
        "306227024c018cd03aca28832762ed44_",
        false,
        true,
        "dae7ffb3"
    ],
    "C:/USERS/YSGO/DESKTOP/VPES_SCM/SPECFILE한글/SRC/MODULE4/SRC17.C": [
        "0e4869ca24cc3ba59018bc49960cad6d",
        false,
        false,
        "f1877189"
    ],
    "C:/USERS/YSGO/DESKTOP/VPES_SCM/SPECFILE한글/HEADER/HEADER100.H": [
        "7429d45daeb8cc23c6f92723c9c04679",
        false,
        false,
        "63844217"
    ],
    "C:/USERS/YSGO/DESKTOP/VPES_SCM/SPECFILE한글/HEADER/HEADER204.H": [
        "fae5514b33977820ae1066a2289a213c",
        false,
        false,
        "59981e4b"
    ],
    "C:/USERS/YSGO/DESKTOP/VPES_SCM/SPECFILE한글/SRC/MODULE6/SRC40.C": [
        "4e7851f82fea7a0503f265361628ed23",
        false,
        false,
        "2a65f23c"
    ],
    "C:/USERS/YSGO/DESKTOP/VPES_SCM/SPECFILE한글/HEADER/HEADER12.H": [
        "88468921fa07ac4d9ff07613172baaa3",
        false,
        false,
        "61de37e3"
    ],
    "C:/USERS/YSGO/DESKTOP/VPES_SCM/SPECFILE한글/HEADER/HEADER303.H": [
        "7b680a5f97e05d84a71f64cf204fba93",
        false,
        false,
        "61f49512"
    ],
    "C:/USERS/YSGO/DESKTOP/VPES_SCM/SPECFILE한글/HEADER/HEADER13.H": [
        "6aa9872f03526b78e4d57d0f391d5445",
        false,
        false,
        "98a9a02c"
    ],
    "C:/USERS/YSGO/DESKTOP/VPES_SCM/SPECFILE한글/HEADER/HEADER7.H": [
        "0cceb066bbd18b7f4440575aa0be113a",
        false,
        false,
        "79c6f0a8"
    ],
    "C:/USERS/YSGO/DESKTOP/VPES_SCM/SPECFILE한글/HEADER/HEADER18.H": [
        "223f18de3be73973f394d0521e869f50",
        false,
        false,
        "ee38b940"
    ],
    "C:/USERS/YSGO/DESKTOP/VPES_SCM/SPECFILE한글/HEADER/HEADER20.H": [
        "d940efbd35c3f30e9445b537491f7825",
        false,
        false,
        "5527e7e6"
    ],
    "C:/USERS/YSGO/DESKTOP/VPES_SCM/SPECFILE한글/SRC/MODULE5/SRC31.C": [
        "81b5d2873f021414d4ca928b21b35be8",
        false,
        false,
        "3ce46773"
    ],
    "C:/USERS/YSGO/DESKTOP/VPES_SCM/SPECFILE한글/SRC/MODULE3/SRC12.C": [
        "a8be4943994fe101533499281b8d43a5",
        false,
        false,
        "ad6fa7a5"
    ],
    "C:/USERS/YSGO/DESKTOP/VPES_SCM/SPECFILE한글/SRC/MODULE4/SRC20.C": [
        "e1ef0e24a0780d0a8c091d8ff6bd0bee",
        false,
        false,
        "2dacaf31"
    ],
    "C:/USERS/YSGO/DESKTOP/VPES_SCM/SPECFILE한글/HEADER/HEADER15.H": [
        "97f80f3c4a8615790bcc26568d9e7e32",
        false,
        false,
        "e20bda4d"
    ],
    "C:/USERS/YSGO/DESKTOP/VPES_SCM/SPECFILE한글/HEADER/HEADER203.H": [
        "dcad9a4636fe4f6c6a906d2430a1116f",
        false,
        false,
        "c054c1d6"
    ],
    "C:/MINGW/INCLUDE/_MINGW.H": [
        "_75e08fccd97604691b5b85e5205b1555",
        true,
        false,
        "3e292fb6"
    ],
    "C:/USERS/YSGO/DESKTOP/VPES_SCM/SPECFILE한글/HEADER/HEADER202.H": [
        "9fa3414befe76f73d9c39911f7cf97aa",
        false,
        false,
        "b66be992"
    ],
    "C:/USERS/YSGO/DESKTOP/VPES_SCM/SPECFILE한글/SRC/CPP/STUDY_SAMPLE.H": [
        "1eb83d6d10c43ae29f43de635cb16ba5",
        false,
        false,
        "43c5f1b1"
    ],
    "C:/USERS/YSGO/DESKTOP/VPES_SCM/SPECFILE한글/SRC/MODULE4/SRC19.C": [
        "51e9e284925bedfe06cbbf0c1df3ad5d",
        false,
        false,
        "77630a1"
    ],
    "C:/USERS/YSGO/DESKTOP/VPES_SCM/SPECFILE한글/HEADER/HEADER301.H": [
        "fd658108fa38b9346e70b9067ed9b5e5",
        false,
        false,
        "8d8ac59a"
    ],
    "C:/USERS/YSGO/DESKTOP/VPES_SCM/SPECFILE한글/SRC/MODULE7/SRC52.C": [
        "d198cf0735f759f63035dea428afdf32",
        false,
        false,
        "238ff696"
    ],
    "C:/USERS/YSGO/DESKTOP/VPES_SCM/SPECFILE한글/SRC/MODULE2/SRC8.C": [
        "c13b80d9ddd835829736c64fee977bb0",
        false,
        false,
        "33a66a24"
    ],
    "C:/USERS/YSGO/DESKTOP/VPES_SCM/SPECFILE한글/HEADER/HEADER19.H": [
        "83e3a8a8ac69fc398e30274f04176b99",
        false,
        false,
        "174f2e8f"
    ],
    "C:/USERS/YSGO/DESKTOP/VPES_SCM/SPECFILE한글/HEADER/HEADER102.H": [
        "5dff6a1e9139476524b934bf65f41e44",
        false,
        false,
        "8ffa129f"
    ],
    "C:/MINGW/INCLUDE/W32API.H": [
        "_22b026c8f577928026251b69de24ec63",
        true,
        false,
        "9f876c11"
    ],
    "C:/USERS/YSGO/DESKTOP/VPES_SCM/SPECFILE한글/SRC/MODULE4/SRC16.C": [
        "13b774c8b92ffa8be12966e4ce72d8ed",
        false,
        false,
        "e24f4ad5"
    ],
    "C:/USERS/YSGO/DESKTOP/VPES_SCM/SPECFILE한글/SRC/MODULE2/SRC10.C": [
        "d56756c8beda9317aba47bab7a8da301",
        false,
        false,
        "8affd11d"
    ],
    "C:/USERS/YSGO/DESKTOP/VPES_SCM/SPECFILE한글/HEADER/HEADER8.H": [
        "5750c85a1635dc407c3d4c23fec2ccbd",
        false,
        false,
        "435c992b"
    ],
    "C:/USERS/YSGO/DESKTOP/VPES_SCM/SPECFILE한글/SRC/MODULE7/SRC50.C": [
        "adb62dfa01b2fa97858b899370cda45c",
        false,
        false,
        "d79f8d3a"
    ],
    "C:/USERS/YSGO/DESKTOP/VPES_SCM/SPECFILE한글/HEADER/HEADER2.H": [
        "24b6b0dec05ce9e2b1787d8a5c893388",
        false,
        false,
        "d9602a16"
    ],
    "C:/USERS/YSGO/DESKTOP/VPES_SCM/SPECFILE한글/SRC/MODULE5/SRC34.C": [
        "75934a5722d933475c706129e97661cc",
        false,
        false,
        "66244008"
    ],
    "C:/MINGW/INCLUDE/MSVCRTVER.H": [
        "_56ece48196489623e3f168381498aa15",
        true,
        false,
        "4fa3af4e"
    ],
    "C:/USERS/YSGO/DESKTOP/VPES_SCM/SPECFILE한글/SRC/MODULE5/SRC33.C": [
        "8c5e1d5a94f94c4f348062d547083032",
        false,
        false,
        "4c6b02af"
    ],
    "C:/USERS/YSGO/DESKTOP/VPES_SCM/SPECFILE한글/SRC/MODULE5/SRC30.C": [
        "1cab3be5cacf5d9e3a66dea2da25b9a7",
        false,
        false,
        "f71a7577"
    ],
    "C:/USERS/YSGO/DESKTOP/VPES_SCM/SPECFILE한글/HEADER/HEADER10.H": [
        "e33c28273367e279ef7efc0eac403f87",
        false,
        false,
        "48401e3c"
    ],
    "C:/USERS/YSGO/DESKTOP/VPES_SCM/SPECFILE한글/SRC/MODULE6/SRC42.C": [
        "6985019d505d25e374bfa885f9d073bc",
        false,
        false,
        "de758990"
    ],
    "C:/USERS/YSGO/DESKTOP/VPES_SCM/SPECFILE한글/.STATICDATA/PREINCLUDE/RECENT_PREINCLUDE_CPP.H": [
        "671db7da616e01bcf40029ff0c4f4114_",
        false,
        true,
        "cb201cdc"
    ],
    "C:/USERS/YSGO/DESKTOP/VPES_SCM/SPECFILE한글/HEADER/HEADER200.H": [
        "aa9e574365fa776ec224533516651634",
        false,
        false,
        "5a15b91a"
    ],
    "C:/USERS/YSGO/DESKTOP/VPES_SCM/SPECFILE한글/HEADER/HEADER6.H": [
        "86a45c8d0bc78829091330c649b8261f",
        false,
        false,
        "82879ea4"
    ],
    "C:/USERS/YSGO/DESKTOP/VPES_SCM/SPECFILE한글/SRC/MODULE3/SRC15.C": [
        "605367fbd90325cde2144c5cbd85adff",
        false,
        false,
        "d6170731"
    ],
    "C:/USERS/YSGO/DESKTOP/VPES_SCM/SPECFILE한글/HEADER/HEADER300.H": [
        "c152d2346e66886912c186bd5162d329",
        false,
        false,
        "fbb5edde"
    ],
    "C:/USERS/YSGO/DESKTOP/VPES_SCM/SPECFILE한글/SRC/CPP/SRC100000.C": [
        "f1477b78f468d06a25ac62fe1c54a87d",
        false,
        false,
        "72a0050"
    ],
    "C:/USERS/YSGO/DESKTOP/VPES_SCM/SPECFILE한글/SRC/MODULE2/SRC7.C": [
        "d41bb8296fd78790995537363c5a8b71",
        false,
        false,
        "bd04b231"
    ],
    "C:/MINGW/INCLUDE/STDIO.H": [
        "_f5595cdcabf12d22cdb291db6e47b9e6",
        true,
        false,
        "e90b0e16"
    ],
    "C:/USERS/YSGO/DESKTOP/VPES_SCM/SPECFILE한글/HEADER/HEADER101.H": [
        "ef92f70fe401d8aa2bfa1c529d271aee",
        false,
        false,
        "15bb6a53"
    ],
    "C:/USERS/YSGO/DESKTOP/VPES_SCM/SPECFILE한글/SRC/MODULE2/SRC6.C": [
        "d50fdbb2a210f915ae1fb7da282b0611",
        false,
        false,
        "a5b196fe"
    ],
    "C:/MINGW/INCLUDE/STDLIB.H": [
        "_6a9f51d308e9b5c17a654535b1e08d2f",
        true,
        false,
        "73f364d6"
    ],
    "C:/USERS/YSGO/DESKTOP/VPES_SCM/SPECFILE한글/HEADER/HEADER14.H": [
        "67b49a9746cb3c769a9736189d0be2a5",
        false,
        false,
        "1b7c4d82"
    ],
    "C:/MINGW/INCLUDE/SDKDDKVER.H": [
        "_0b4629d9b420da503aca6bd354e72eff",
        true,
        false,
        "b574ece1"
    ],
    "C:/USERS/YSGO/DESKTOP/VPES_SCM/SPECFILE한글/HEADER/HEADER9.H": [
        "86e56b5cd083452cce27de62a5a81cae",
        false,
        false,
        "b81df727"
    ],
    "C:/USERS/YSGO/DESKTOP/VPES_SCM/SPECFILE한글/SRC/MODULE3/SRC14.C": [
        "4990d531c32fc2603431c424d3b266d1",
        false,
        false,
        "c5df3c6d"
    ],
    "C:/USERS/YSGO/DESKTOP/VPES_SCM/SPECFILE한글/SRC/MODULE3/SRC11.C": [
        "6802823c8ac30840077e046355c3623c",
        false,
        false,
        "9937ea41"
    ],
    "C:/MINGW/LIB/GCC/MINGW32/6.3.0/INCLUDE/STDARG.H": [
        "_95fd4038c4e68b6194681c528fe03f3b",
        true,
        false,
        "4382cc78"
    ],
    "C:/USERS/YSGO/DESKTOP/VPES_SCM/SPECFILE한글/SRC/MODULE2/SRC9.C": [
        "b217028bbef696effe80427d748b2ca0",
        false,
        false,
        "2b134eeb"
    ],
    "C:/USERS/YSGO/DESKTOP/VPES_SCM/SPECFILE한글/SRC/MODULE7/SRC53.C": [
        "f872edc7e13b898d3b3ad81a84dde6e0",
        false,
        false,
        "6ceefae2"
    ],
    "C:/USERS/YSGO/DESKTOP/VPES_SCM/SPECFILE한글/HEADER/HEADER104.H": [
        "c7eac518448067fa7797d69c79a932f2",
        false,
        false,
        "6009e546"
    ]
}