{
    "D:/VPES_GIT/VPES_GIT/MIRO_2010/.STATICDATA/PREINCLUDE/RECENT_PREINCLUDE_CPP.H": [
        "671db7da616e01bcf40029ff0c4f4114_",
        false,
        true,
        "cb201cdc",
        "D:/VPES_GIT/vpes_git/miro_2010/.staticdata/preinclude/recent_preinclude_cpp.h"
    ],
    "C:/PROGRAM FILES (X86)/MICROSOFT VISUAL STUDIO 10.0/VC/INCLUDE/LIMITS.H": [
        "_7ed52aa881ddad5715eb00fb2569b0db",
        true,
        false,
        "43c1306f",
        "C:/Program Files (x86)/Microsoft Visual Studio 10.0/VC/include/limits.h"
    ],
    "D:/VPES_GIT/VPES_GIT/MIRO_2010/Q_S.H": [
        "053ded9a26e936eb04de998f0ecb6d77",
        false,
        false,
        "ca4f4382",
        "D:/VPES_GIT/vpes_git/miro_2010/Q_S.h"
    ],
    "D:/VPES_GIT/VPES_GIT/MIRO_2010/Q_S.C": [
        "46aa21c7cfc1fc6020ca628e2db5aafe",
        false,
        false,
        "4b9511cd",
        "D:/VPES_GIT/vpes_git/miro_2010/Q_S.c"
    ],
    "C:/PROGRAM FILES (X86)/MICROSOFT VISUAL STUDIO 10.0/VC/INCLUDE/STDLIB.H": [
        "_3e8c5ea1415e8afb1173044d2c9d75be",
        true,
        false,
        "c52c99f3",
        "C:/Program Files (x86)/Microsoft Visual Studio 10.0/VC/include/stdlib.h"
    ],
    "D:/VPES_GIT/VPES_GIT/MIRO_2010/.STATICDATA/PREINCLUDE/RECENT_PREINCLUDE_C.H": [
        "306227024c018cd03aca28832762ed44_",
        false,
        true,
        "dae7ffb3",
        "D:/VPES_GIT/vpes_git/miro_2010/.staticdata/preinclude/recent_preinclude_c.h"
    ],
    "C:/PROGRAM FILES (X86)/MICROSOFT VISUAL STUDIO 10.0/VC/INCLUDE/STDIO.H": [
        "_7e567093e5f867ef024b8599ada25302",
        true,
        false,
        "ee309271",
        "C:/Program Files (x86)/Microsoft Visual Studio 10.0/VC/include/stdio.h"
    ],
    "C:/PROGRAM FILES (X86)/MICROSOFT VISUAL STUDIO 10.0/VC/INCLUDE/CONIO.H": [
        "_740bbe77ccc6383a2c8c20952f2a487c",
        true,
        false,
        "d515ed12",
        "C:/Program Files (x86)/Microsoft Visual Studio 10.0/VC/include/conio.h"
    ],
    "C:/PROGRAM FILES (X86)/MICROSOFT VISUAL STUDIO 10.0/VC/INCLUDE/CRTDEFS.H": [
        "_aa576221a83f7e0e4e8dcf0704d7f5ec",
        true,
        false,
        "19ee4cb0",
        "C:/Program Files (x86)/Microsoft Visual Studio 10.0/VC/include/crtdefs.h"
    ],
    "C:/PROGRAM FILES (X86)/MICROSOFT VISUAL STUDIO 10.0/VC/INCLUDE/VADEFS.H": [
        "_cc0258fe1e0372546fe001ffaa7f74c9",
        true,
        false,
        "c6290339",
        "C:/Program Files (x86)/Microsoft Visual Studio 10.0/VC/include/vadefs.h"
    ],
    "D:/VPES_GIT/VPES_GIT/MIRO_2010/MIRO_FUN2.C": [
        "b01b4df96aaf1c1ad305c7c0d29a97db",
        false,
        false,
        "e4b1e7ee",
        "D:/VPES_GIT/vpes_git/miro_2010/miro_fun2.c"
    ],
    "C:/PROGRAM FILES (X86)/MICROSOFT VISUAL STUDIO 10.0/VC/INCLUDE/SWPRINTF.INL": [
        "_602dddb25d6979f1db0c86fed9cf89ca",
        true,
        false,
        "d145d98f",
        "C:/Program Files (x86)/Microsoft Visual Studio 10.0/VC/include/swprintf.inl"
    ],
    "C:/PROGRAM FILES (X86)/MICROSOFT VISUAL STUDIO 10.0/VC/INCLUDE/SAL.H": [
        "_5b8fd8432dd432fee0dc85ecaa36de0f",
        true,
        false,
        "82664881",
        "C:/Program Files (x86)/Microsoft Visual Studio 10.0/VC/include/sal.h"
    ],
    "D:/VPES_GIT/VPES_GIT/MIRO_2010/MIRO_FUN.C": [
        "07418e733db52aa9c2124762ac6afe29",
        false,
        false,
        "15fcd60d",
        "D:/VPES_GIT/vpes_git/miro_2010/miro_fun.c"
    ],
    "C:/PROGRAM FILES (X86)/MICROSOFT VISUAL STUDIO 10.0/VC/INCLUDE/STRING.H": [
        "_6b684850005405aa8c3315f7b3b3f8f7",
        true,
        false,
        "995be399",
        "C:/Program Files (x86)/Microsoft Visual Studio 10.0/VC/include/string.h"
    ],
    "D:/VPES_GIT/VPES_GIT/MIRO_2010/QS_FUN.C": [
        "f49d7b9435ef678a6909400740ddb373",
        false,
        false,
        "9743c5d2",
        "D:/VPES_GIT/vpes_git/miro_2010/QS_fun.c"
    ],
    "C:/PROGRAM FILES (X86)/MICROSOFT VISUAL STUDIO 10.0/VC/INCLUDE/CODEANALYSIS/SOURCEANNOTATIONS.H": [
        "_b9beff841e7784f9946d96981caad4a9",
        true,
        false,
        "43bd7574",
        "C:/Program Files (x86)/Microsoft Visual Studio 10.0/VC/include/CodeAnalysis/sourceannotations.h"
    ]
}