{
    "versions": {
        "scheme": "1.0",
        "csbuild": "[v22051812-STATIC_4.4.2-840-gbb90dce7b][engine-96b0f9b]",
        "preprocessor": "1.0"
    },
    "serverURL": "211.116.222.197",
    "projectKey": "REWQ",
    "toolchains": [
        {
            "language": "c",
            "compiler": "Microsoft VisualStudio 2010",
            "linker": "not-used",
            "archive": "not-used",
            "conf": [
                "cs_define_macro_value=_M_IX86;600",
                "cs_define_macro_value=_WIN32;",
                "cs_for_init_scope=outer",
                "cs_using_std=disable",
                "cs_plain_char=signed",
                "cs_plain_bit_field=unsigned",
                "cs_set_type_size=int;4",
                "cs_set_type_size=float;4",
                "cs_set_type_size=double;8",
                "cs_set_type_size=long;4",
                "cs_size_t_kind=int",
                "microsoft_version=1603",
                "cs_replace_include_system",
                "display_error_number"
            ],
            "include": [
                "c:\\Program Files (x86)\\Microsoft Visual Studio 10.0\\VC\\include",
                "c:\\Program Files (x86)\\Microsoft Visual Studio 10.0\\VC\\atlmfc\\include",
                "c:\\Program Files (x86)\\Microsoft SDKs\\Windows\\v7.0A\\include",
                "c:\\Program Files (x86)\\Microsoft SDKs\\Windows\\v7.0A\\\\include"
            ]
        },
        {
            "language": "cpp",
            "compiler": "Microsoft VisualStudio 2010",
            "linker": "not-used",
            "archive": "not-used",
            "conf": [
                "cs_define_macro_value=_M_IX86;600",
                "cs_define_macro_value=_WIN32;",
                "cs_for_init_scope=outer",
                "cs_using_std=disable",
                "cs_plain_char=signed",
                "cs_plain_bit_field=unsigned",
                "cs_set_type_size=int;4",
                "cs_set_type_size=float;4",
                "cs_set_type_size=double;8",
                "cs_set_type_size=long;4",
                "cs_size_t_kind=int",
                "microsoft_version=1603",
                "cs_replace_include_system",
                "display_error_number"
            ],
            "include": [
                "c:\\Program Files (x86)\\Microsoft Visual Studio 10.0\\VC\\include",
                "c:\\Program Files (x86)\\Microsoft Visual Studio 10.0\\VC\\atlmfc\\include",
                "c:\\Program Files (x86)\\Microsoft SDKs\\Windows\\v7.0A\\include",
                "c:\\Program Files (x86)\\Microsoft SDKs\\Windows\\v7.0A\\\\include"
            ]
        }
    ],
    "exclusions": [
        "**/.staticdata/preinclude/*"
    ]
}