{
    "D:/VPES_GIT/vpes_git/cube/cube.cpp": [
        {
            "start": 1,
            "end": 140,
            "email": "nryun@suresofttech.com"
        }
    ],
    "D:/VPES_GIT/vpes_git/cube/cube.h": [
        {
            "start": 1,
            "end": 46,
            "email": "nryun@suresofttech.com"
        }
    ],
    "D:/VPES_GIT/vpes_git/cube/cubedoc.cpp": [
        {
            "start": 1,
            "end": 92,
            "email": "nryun@suresofttech.com"
        }
    ],
    "D:/VPES_GIT/vpes_git/cube/cubedoc.h": [
        {
            "start": 1,
            "end": 51,
            "email": "nryun@suresofttech.com"
        }
    ],
    "D:/VPES_GIT/vpes_git/cube/cubeview.cpp": [
        {
            "start": 1,
            "end": 484,
            "email": "nryun@suresofttech.com"
        }
    ],
    "D:/VPES_GIT/vpes_git/cube/cubeview.h": [
        {
            "start": 1,
            "end": 74,
            "email": "nryun@suresofttech.com"
        }
    ],
    "D:/VPES_GIT/vpes_git/cube/mainfrm.cpp": [
        {
            "start": 1,
            "end": 144,
            "email": "nryun@suresofttech.com"
        }
    ],
    "D:/VPES_GIT/vpes_git/cube/mainfrm.h": [
        {
            "start": 1,
            "end": 52,
            "email": "nryun@suresofttech.com"
        }
    ],
    "D:/VPES_GIT/vpes_git/cube/resource.h": [
        {
            "start": 1,
            "end": 19,
            "email": "nryun@suresofttech.com"
        }
    ],
    "D:/VPES_GIT/vpes_git/cube/stdafx.cpp": [
        {
            "start": 1,
            "end": 12,
            "email": "nryun@suresofttech.com"
        }
    ],
    "D:/VPES_GIT/vpes_git/cube/stdafx.h": [
        {
            "start": 1,
            "end": 17,
            "email": "nryun@suresofttech.com"
        }
    ]
}