{
    "D:/VPES_GIT/CUBE/CUBE.CPP": [
        {
            "start": 1,
            "end": 140,
            "email": "nryun@suresofttech.com"
        }
    ],
    "D:/VPES_GIT/CUBE/CUBE.H": [
        {
            "start": 1,
            "end": 46,
            "email": "nryun@suresofttech.com"
        }
    ],
    "D:/VPES_GIT/CUBE/CUBEDOC.CPP": [
        {
            "start": 1,
            "end": 92,
            "email": "nryun@suresofttech.com"
        }
    ],
    "D:/VPES_GIT/CUBE/CUBEDOC.H": [
        {
            "start": 1,
            "end": 51,
            "email": "nryun@suresofttech.com"
        }
    ],
    "D:/VPES_GIT/CUBE/CUBEVIEW.CPP": [
        {
            "start": 1,
            "end": 484,
            "email": "nryun@suresofttech.com"
        }
    ],
    "D:/VPES_GIT/CUBE/CUBEVIEW.H": [
        {
            "start": 1,
            "end": 74,
            "email": "nryun@suresofttech.com"
        }
    ],
    "D:/VPES_GIT/CUBE/MAINFRM.CPP": [
        {
            "start": 1,
            "end": 144,
            "email": "nryun@suresofttech.com"
        }
    ],
    "D:/VPES_GIT/CUBE/MAINFRM.H": [
        {
            "start": 1,
            "end": 52,
            "email": "nryun@suresofttech.com"
        }
    ],
    "D:/VPES_GIT/CUBE/RESOURCE.H": [
        {
            "start": 1,
            "end": 19,
            "email": "nryun@suresofttech.com"
        }
    ],
    "D:/VPES_GIT/CUBE/STDAFX.CPP": [
        {
            "start": 1,
            "end": 12,
            "email": "nryun@suresofttech.com"
        }
    ],
    "D:/VPES_GIT/CUBE/STDAFX.H": [
        {
            "start": 1,
            "end": 17,
            "email": "nryun@suresofttech.com"
        }
    ]
}