{
    "C:/PROGRAM FILES (X86)/WINDOWS KITS/8.1/INCLUDE/UM/SYSTEMTOPOLOGYAPI.H": [
        "_85ff69a93c84038c8d0e28a0fc8fcb1e",
        true,
        false,
        "51660a62",
        "C:/Program Files (x86)/Windows Kits/8.1/Include/um/systemtopologyapi.h"
    ],
    "C:/PROGRAM FILES (X86)/MICROSOFT VISUAL STUDIO 14.0/VC/INCLUDE/VCRUNTIME_STARTUP.H": [
        "_1fd333c61378858edd545656badca55e",
        true,
        false,
        "519c05b",
        "C:/Program Files (x86)/Microsoft Visual Studio 14.0/VC/include/vcruntime_startup.h"
    ],
    "C:/PROGRAM FILES (X86)/WINDOWS KITS/8.1/INCLUDE/UM/OLEDB.H": [
        "_05b90dfb1353b9cff303e3eb6fc9e713",
        true,
        false,
        "1acce887",
        "C:/Program Files (x86)/Windows Kits/8.1/Include/um/oledb.h"
    ],
    "C:/PROGRAM FILES (X86)/WINDOWS KITS/10/INCLUDE/10.0.10240.0/UCRT/CORECRT_WIO.H": [
        "_6fead1e5de6888a11b11bfcadf5ea6e3",
        true,
        false,
        "9f539366",
        "C:/Program Files (x86)/Windows Kits/10/Include/10.0.10240.0/ucrt/corecrt_wio.h"
    ],
    "C:/PROGRAM FILES (X86)/MICROSOFT VISUAL STUDIO 14.0/VC/INCLUDE/NMMINTRIN.H": [
        "_906bd5e7dce5e16deb1fa7717b3bb47a",
        true,
        false,
        "96618797",
        "C:/Program Files (x86)/Microsoft Visual Studio 14.0/VC/include/nmmintrin.h"
    ],
    "C:/PROGRAM FILES (X86)/WINDOWS KITS/8.1/INCLUDE/UM/URLMON.H": [
        "_158c331afab640ad86ecf6d501118d7f",
        true,
        false,
        "24a0c6aa",
        "C:/Program Files (x86)/Windows Kits/8.1/Include/um/urlmon.h"
    ],
    "C:/PROGRAM FILES (X86)/MICROSOFT VISUAL STUDIO 14.0/VC/INCLUDE/SETJMP.H": [
        "_0ab7cce9bc1bbdf71acd41c1ee97668d",
        true,
        false,
        "7f117b9a",
        "C:/Program Files (x86)/Microsoft Visual Studio 14.0/VC/include/setjmp.h"
    ],
    "C:/PROGRAM FILES (X86)/WINDOWS KITS/8.1/INCLUDE/UM/HEAPAPI.H": [
        "_0dbf0de7eab8798ca650c22d03740cfc",
        true,
        false,
        "b624fe2",
        "C:/Program Files (x86)/Windows Kits/8.1/Include/um/heapapi.h"
    ],
    "C:/PROGRAM FILES (X86)/WINDOWS KITS/8.1/INCLUDE/UM/WINUSER.H": [
        "_d5d0472b167bfbc618a8c07a3c1e3dbf",
        true,
        false,
        "2d7cd64c",
        "C:/Program Files (x86)/Windows Kits/8.1/Include/um/WinUser.h"
    ],
    "C:/PROGRAM FILES (X86)/WINDOWS KITS/8.1/INCLUDE/SHARED/APISET.H": [
        "_91ebaebdeb0ba490c96b54daac6e1952",
        true,
        false,
        "f069807b",
        "C:/Program Files (x86)/Windows Kits/8.1/Include/shared/apiset.h"
    ],
    "C:/PROGRAM FILES (X86)/WINDOWS KITS/10/INCLUDE/10.0.10240.0/UCRT/MBSTRING.H": [
        "_8284bbce81ffa5b66df3d8b7946a0b08",
        true,
        false,
        "74d94bb0",
        "C:/Program Files (x86)/Windows Kits/10/Include/10.0.10240.0/ucrt/mbstring.h"
    ],
    "C:/PROGRAM FILES (X86)/WINDOWS KITS/8.1/INCLUDE/UM/OBJIDLBASE.H": [
        "_3dbed4ee94e22111d52f747d6b2c989c",
        true,
        false,
        "1525d380",
        "C:/Program Files (x86)/Windows Kits/8.1/Include/um/ObjIdlbase.h"
    ],
    "C:/PROGRAM FILES (X86)/WINDOWS KITS/8.1/INCLUDE/UM/WINNETWK.H": [
        "_d46862063323cc7adf4bfad84876994f",
        true,
        false,
        "37e19ba6",
        "C:/Program Files (x86)/Windows Kits/8.1/Include/um/winnetwk.h"
    ],
    "C:/PROGRAM FILES (X86)/WINDOWS KITS/8.1/INCLUDE/SHARED/SPECSTRINGS.H": [
        "_425ab81e40d5772dbfc411a99b68553c",
        true,
        false,
        "fcad052",
        "C:/Program Files (x86)/Windows Kits/8.1/Include/shared/specstrings.h"
    ],
    "C:/PROGRAM FILES (X86)/WINDOWS KITS/10/INCLUDE/10.0.10240.0/UCRT/MALLOC.H": [
        "_928553f8ba198c9030b65fa10b6b3dd2",
        true,
        false,
        "1678912a",
        "C:/Program Files (x86)/Windows Kits/10/Include/10.0.10240.0/ucrt/malloc.h"
    ],
    "C:/PROGRAM FILES (X86)/MICROSOFT VISUAL STUDIO 14.0/VC/ATLMFC/INCLUDE/ATLTRACE.H": [
        "_01510af13b710f998705db24a3f2c51c",
        true,
        false,
        "241f1a31",
        "C:/Program Files (x86)/Microsoft Visual Studio 14.0/VC/atlmfc/include/atltrace.h"
    ],
    "C:/PROGRAM FILES (X86)/WINDOWS KITS/8.1/INCLUDE/SHARED/WNNC.H": [
        "_d52b1824b1e36802362d6cb369c3324e",
        true,
        false,
        "67623988",
        "C:/Program Files (x86)/Windows Kits/8.1/Include/shared/wnnc.h"
    ],
    "C:/PROGRAM FILES (X86)/WINDOWS KITS/8.1/INCLUDE/SHARED/DXGI.H": [
        "_0d2a4a6c67dc439861a68260a84b0474",
        true,
        false,
        "24ee4de6",
        "C:/Program Files (x86)/Windows Kits/8.1/Include/shared/dxgi.h"
    ],
    "C:/PROGRAM FILES (X86)/MICROSOFT VISUAL STUDIO 14.0/VC/ATLMFC/INCLUDE/ATLSIMPCOLL.H": [
        "_09cc0a1f8825b4ebe227da9c8a3ea946",
        true,
        false,
        "c698e9ce",
        "C:/Program Files (x86)/Microsoft Visual Studio 14.0/VC/atlmfc/include/atlsimpcoll.h"
    ],
    "C:/PROGRAM FILES (X86)/WINDOWS KITS/8.1/INCLUDE/UM/STRINGAPISET.H": [
        "_cd0bbf218f7e99f7b37c3f8437acebe8",
        true,
        false,
        "38bc5c15",
        "C:/Program Files (x86)/Windows Kits/8.1/Include/um/stringapiset.h"
    ],
    "C:/PROGRAM FILES (X86)/WINDOWS KITS/10/INCLUDE/10.0.10240.0/UCRT/TCHAR.H": [
        "_bfa0702298d84b840db930faff19fcb2",
        true,
        false,
        "115f07fa",
        "C:/Program Files (x86)/Windows Kits/10/Include/10.0.10240.0/ucrt/tchar.h"
    ],
    "C:/PROGRAM FILES (X86)/WINDOWS KITS/8.1/INCLUDE/SHARED/WS2DEF.H": [
        "_6bbe10753dd48de884c00ec218be6e76",
        true,
        false,
        "486aafc6",
        "C:/Program Files (x86)/Windows Kits/8.1/Include/shared/ws2def.h"
    ],
    "C:/PROGRAM FILES (X86)/WINDOWS KITS/8.1/INCLUDE/UM/DWMAPI.H": [
        "_6185cb2957fbcf023183e94abedaab0a",
        true,
        false,
        "2c9ab41b",
        "C:/Program Files (x86)/Windows Kits/8.1/Include/um/dwmapi.h"
    ],
    "C:/PROGRAM FILES (X86)/MICROSOFT VISUAL STUDIO 14.0/VC/INCLUDE/CRTDEFS.H": [
        "_b2069488b0f5ce5f8c8716ac7ff3e6af",
        true,
        false,
        "c26a436",
        "C:/Program Files (x86)/Microsoft Visual Studio 14.0/VC/include/crtdefs.h"
    ],
    "C:/PROGRAM FILES (X86)/WINDOWS KITS/8.1/INCLUDE/UM/PROCESSTHREADSAPI.H": [
        "_3f9cfa3f61c131d2bdf42ea99b180a7d",
        true,
        false,
        "639ead7e",
        "C:/Program Files (x86)/Windows Kits/8.1/Include/um/processthreadsapi.h"
    ],
    "C:/PROGRAM FILES (X86)/WINDOWS KITS/8.1/INCLUDE/UM/STRUCTUREDQUERYCONDITION.H": [
        "_8dc9bc5bd97a0f7e7d2a438791291551",
        true,
        false,
        "36fd5507",
        "C:/Program Files (x86)/Windows Kits/8.1/Include/um/StructuredQueryCondition.h"
    ],
    "C:/PROGRAM FILES (X86)/MICROSOFT VISUAL STUDIO 14.0/VC/ATLMFC/INCLUDE/ATLCOMCLI.H": [
        "_4447482864102b46d5102c67dc8e33a3",
        true,
        false,
        "fcb769fd",
        "C:/Program Files (x86)/Microsoft Visual Studio 14.0/VC/atlmfc/include/atlcomcli.h"
    ],
    "C:/PROGRAM FILES (X86)/WINDOWS KITS/8.1/INCLUDE/UM/ZMOUSE.H": [
        "_dea106f3594e9980d84223961675fe99",
        true,
        false,
        "8d37d4ee",
        "C:/Program Files (x86)/Windows Kits/8.1/Include/um/zmouse.h"
    ],
    "C:/PROGRAM FILES (X86)/MICROSOFT VISUAL STUDIO 14.0/VC/INCLUDE/IMMINTRIN.H": [
        "_9e349308a4faf4b4c0bc4908962b156f",
        true,
        false,
        "503c40fc",
        "C:/Program Files (x86)/Microsoft Visual Studio 14.0/VC/include/immintrin.h"
    ],
    "C:/PROGRAM FILES (X86)/WINDOWS KITS/8.1/INCLUDE/UM/MINWINBASE.H": [
        "_bd231c859dbdede03040f8d9054c238c",
        true,
        false,
        "3b98dc2d",
        "C:/Program Files (x86)/Windows Kits/8.1/Include/um/minwinbase.h"
    ],
    "C:/PROGRAM FILES (X86)/MICROSOFT VISUAL STUDIO 14.0/VC/ATLMFC/INCLUDE/ATLHANDLER.H": [
        "_3a13c746ca2eb232d954a09e77c315df",
        true,
        false,
        "c3534934",
        "C:/Program Files (x86)/Microsoft Visual Studio 14.0/VC/atlmfc/include/atlhandler.h"
    ],
    "C:/PROGRAM FILES (X86)/MICROSOFT VISUAL STUDIO 14.0/VC/ATLMFC/INCLUDE/ATLEXCEPT.H": [
        "_46704afeb7edde4996aab4a37ce22a61",
        true,
        false,
        "97329313",
        "C:/Program Files (x86)/Microsoft Visual Studio 14.0/VC/atlmfc/include/atlexcept.h"
    ],
    "C:/PROGRAM FILES (X86)/WINDOWS KITS/8.1/INCLUDE/UM/IPHLPAPI.H": [
        "_700dfff53fa925487768556025598f25",
        true,
        false,
        "72f70e39",
        "C:/Program Files (x86)/Windows Kits/8.1/Include/um/IPHlpApi.h"
    ],
    "C:/PROGRAM FILES (X86)/WINDOWS KITS/8.1/INCLUDE/UM/JOBAPI.H": [
        "_060005521b9e70ca7d345cd9413f0fb3",
        true,
        false,
        "4482024a",
        "C:/Program Files (x86)/Windows Kits/8.1/Include/um/jobapi.h"
    ],
    "C:/PROGRAM FILES (X86)/MICROSOFT VISUAL STUDIO 14.0/VC/ATLMFC/INCLUDE/ATLIFACE.H": [
        "_092d72f0c2751289d5180b3a87163214",
        true,
        false,
        "61845109",
        "C:/Program Files (x86)/Microsoft Visual Studio 14.0/VC/atlmfc/include/atliface.h"
    ],
    "C:/PROGRAM FILES (X86)/WINDOWS KITS/8.1/INCLUDE/SHARED/D3D9TYPES.H": [
        "_bcb1d0d867ca0157cee4f7f07d854717",
        true,
        false,
        "f9aab569",
        "C:/Program Files (x86)/Windows Kits/8.1/Include/shared/d3d9types.h"
    ],
    "C:/PROGRAM FILES (X86)/MICROSOFT VISUAL STUDIO 14.0/VC/INCLUDE/LIMITS.H": [
        "_813c77d6416a1a1cd01d314707e45ebe",
        true,
        false,
        "f7e3a486",
        "C:/Program Files (x86)/Microsoft Visual Studio 14.0/VC/include/limits.h"
    ],
    "C:/PROGRAM FILES (X86)/WINDOWS KITS/10/INCLUDE/10.0.10240.0/UCRT/STDIO.H": [
        "_2d5e699df1bed89fcccccf0dcfc49050",
        true,
        false,
        "6569db9d",
        "C:/Program Files (x86)/Windows Kits/10/Include/10.0.10240.0/ucrt/stdio.h"
    ],
    "C:/PROGRAM FILES (X86)/WINDOWS KITS/8.1/INCLUDE/UM/DWRITE.H": [
        "_93e0b49f44a865779911e3bcdd8ff92c",
        true,
        false,
        "4f4690ac",
        "C:/Program Files (x86)/Windows Kits/8.1/Include/um/dwrite.h"
    ],
    "C:/PROGRAM FILES (X86)/MICROSOFT VISUAL STUDIO 14.0/VC/INCLUDE/EXCPT.H": [
        "_872179eb9aacbc890b25da20c2a2e43e",
        true,
        false,
        "a22c9e87",
        "C:/Program Files (x86)/Microsoft Visual Studio 14.0/VC/include/excpt.h"
    ],
    "C:/PROGRAM FILES (X86)/MICROSOFT VISUAL STUDIO 14.0/VC/INCLUDE/EMMINTRIN.H": [
        "_3c9d67ba62117fc80c06ecf7f16f4635",
        true,
        false,
        "c2850f6c",
        "C:/Program Files (x86)/Microsoft Visual Studio 14.0/VC/include/emmintrin.h"
    ],
    "C:/PROGRAM FILES (X86)/WINDOWS KITS/10/INCLUDE/10.0.10240.0/UCRT/WCHAR.H": [
        "_ab152ff8e43f2593e1dafb163b82f9c6",
        true,
        false,
        "5639d9cc",
        "C:/Program Files (x86)/Windows Kits/10/Include/10.0.10240.0/ucrt/wchar.h"
    ],
    "C:/PROGRAM FILES (X86)/WINDOWS KITS/8.1/INCLUDE/SHARED/PSHPACK1.H": [
        "_8a8872b1134ab7ed376adc1e56249aab",
        true,
        false,
        "9fc89c1b",
        "C:/Program Files (x86)/Windows Kits/8.1/Include/shared/pshpack1.h"
    ],
    "C:/PROGRAM FILES (X86)/WINDOWS KITS/10/INCLUDE/10.0.10240.0/UCRT/FLOAT.H": [
        "_e795678bc08fd8ab1765fc982260c3af",
        true,
        false,
        "bcfcec44",
        "C:/Program Files (x86)/Windows Kits/10/Include/10.0.10240.0/ucrt/float.h"
    ],
    "C:/PROGRAM FILES (X86)/WINDOWS KITS/8.1/INCLUDE/UM/WINDNS.H": [
        "_681def37772704ebdf6d14f830be52f8",
        true,
        false,
        "608cf2e4",
        "C:/Program Files (x86)/Windows Kits/8.1/Include/um/WinDNS.h"
    ],
    "C:/PROGRAM FILES (X86)/WINDOWS KITS/10/INCLUDE/10.0.10240.0/UCRT/SYS/STAT.H": [
        "_a4fcee6dc4b1b77ec3347febe3ab3d45",
        true,
        false,
        "9e2e5320",
        "C:/Program Files (x86)/Windows Kits/10/Include/10.0.10240.0/ucrt/sys/stat.h"
    ],
    "C:/PROGRAM FILES (X86)/MICROSOFT VISUAL STUDIO 14.0/VC/ATLMFC/INCLUDE/AFXPLEX_.H": [
        "_7c94fa22a263b37b360ebb9b7b33ea19",
        true,
        false,
        "ea635d0e",
        "C:/Program Files (x86)/Microsoft Visual Studio 14.0/VC/atlmfc/include/afxplex_.h"
    ],
    "C:/PROGRAM FILES (X86)/MICROSOFT VISUAL STUDIO 14.0/VC/INCLUDE/MMINTRIN.H": [
        "_0326b9bc00df7e7647523ab8c174dc3f",
        true,
        false,
        "f3dcf36b",
        "C:/Program Files (x86)/Microsoft Visual Studio 14.0/VC/include/mmintrin.h"
    ],
    "C:/PROGRAM FILES (X86)/WINDOWS KITS/8.1/INCLUDE/UM/LIBLOADERAPI.H": [
        "_d8ef8be53068beaec40e9c90e7456778",
        true,
        false,
        "216cff49",
        "C:/Program Files (x86)/Windows Kits/8.1/Include/um/libloaderapi.h"
    ],
    "C:/PROGRAM FILES (X86)/WINDOWS KITS/8.1/INCLUDE/UM/INTERLOCKEDAPI.H": [
        "_c9097ae24007bc0c3a396362d406650e",
        true,
        false,
        "17c86c1f",
        "C:/Program Files (x86)/Windows Kits/8.1/Include/um/interlockedapi.h"
    ],
    "C:/PROGRAM FILES (X86)/WINDOWS KITS/8.1/INCLUDE/UM/MEMORYAPI.H": [
        "_480bd346d5f5dc1250f6d5e1b7059036",
        true,
        false,
        "193de7a1",
        "C:/Program Files (x86)/Windows Kits/8.1/Include/um/memoryapi.h"
    ],
    "C:/PROGRAM FILES (X86)/MICROSOFT VISUAL STUDIO 14.0/VC/ATLMFC/INCLUDE/ATLCONV.H": [
        "_ee87e582453d1a857e52d465dd1564a0",
        true,
        false,
        "bce61f31",
        "C:/Program Files (x86)/Microsoft Visual Studio 14.0/VC/atlmfc/include/atlconv.h"
    ],
    "C:/PROGRAM FILES (X86)/WINDOWS KITS/8.1/INCLUDE/SHARED/WINDOT11.H": [
        "_5734b6d4a37626763b5a3e3c0fbf4de4",
        true,
        false,
        "67d0ac4",
        "C:/Program Files (x86)/Windows Kits/8.1/Include/shared/windot11.h"
    ],
    "C:/PROGRAM FILES (X86)/MICROSOFT VISUAL STUDIO 14.0/VC/ATLMFC/INCLUDE/ATLTRANSACTIONMANAGER.H": [
        "_25348437dfd2ec8a8b38ecbb825a0c14",
        true,
        false,
        "c680f4ab",
        "C:/Program Files (x86)/Microsoft Visual Studio 14.0/VC/atlmfc/include/atltransactionmanager.h"
    ],
    "C:/PROGRAM FILES (X86)/MICROSOFT VISUAL STUDIO 14.0/VC/ATLMFC/INCLUDE/ATLCOMMEM.H": [
        "_c20d4bb64b96a022d3f6992a58793e6f",
        true,
        false,
        "95dcf3a3",
        "C:/Program Files (x86)/Microsoft Visual Studio 14.0/VC/atlmfc/include/ATLComMem.h"
    ],
    "C:/PROGRAM FILES (X86)/WINDOWS KITS/8.1/INCLUDE/UM/PRSHT.H": [
        "_ba694b5018cbe6b401835d5bcf683247",
        true,
        false,
        "581719b8",
        "C:/Program Files (x86)/Windows Kits/8.1/Include/um/prsht.h"
    ],
    "C:/PROGRAM FILES (X86)/WINDOWS KITS/8.1/INCLUDE/UM/D2D1HELPER.H": [
        "_5e8838843447fd6c27ba37243067499f",
        true,
        false,
        "f6305aca",
        "C:/Program Files (x86)/Windows Kits/8.1/Include/um/d2d1helper.h"
    ],
    "C:/PROGRAM FILES (X86)/MICROSOFT VISUAL STUDIO 14.0/VC/ATLMFC/INCLUDE/AFXTEMPL.H": [
        "_86a4de7760a640cd3c3e03daace8fcab",
        true,
        false,
        "87b4dd43",
        "C:/Program Files (x86)/Microsoft Visual Studio 14.0/VC/atlmfc/include/afxtempl.h"
    ],
    "C:/PROGRAM FILES (X86)/MICROSOFT VISUAL STUDIO 14.0/VC/ATLMFC/INCLUDE/AFXVER_.H": [
        "_37a9872e80cc5025f9fe2c243584e0f2",
        true,
        false,
        "8f72e3fb",
        "C:/Program Files (x86)/Microsoft Visual Studio 14.0/VC/atlmfc/include/afxver_.h"
    ],
    "D:/VPES_GIT/VPES_GIT/CUBE/STDAFX.CPP": [
        "9451f426431b538f8c702b6266201fd2",
        false,
        false,
        "ac6d24d3",
        "D:/VPES_GIT/vpes_git/cube/Stdafx.cpp"
    ],
    "C:/PROGRAM FILES (X86)/WINDOWS KITS/8.1/INCLUDE/SHARED/RPCASYNC.H": [
        "_8728ff9c5dde40a082f8c7f084cd435c",
        true,
        false,
        "ae3bb472",
        "C:/Program Files (x86)/Windows Kits/8.1/Include/shared/rpcasync.h"
    ],
    "D:/VPES_GIT/VPES_GIT/CUBE/CUBEDOC.H": [
        "4272197f1103b38f432fd8db9fdaedd8",
        false,
        false,
        "6da0af3f",
        "D:/VPES_GIT/vpes_git/cube/cubedoc.h"
    ],
    "C:/PROGRAM FILES (X86)/WINDOWS KITS/8.1/INCLUDE/UM/VERRSRC.H": [
        "_f06dd77ebd8cc582e763c7d87210e6f5",
        true,
        false,
        "b202c0e2",
        "C:/Program Files (x86)/Windows Kits/8.1/Include/um/verrsrc.h"
    ],
    "C:/PROGRAM FILES (X86)/WINDOWS KITS/8.1/INCLUDE/SHARED/KERNELSPECS.H": [
        "_5866939272e5a5203678497ba0dcf54e",
        true,
        false,
        "430dbc7f",
        "C:/Program Files (x86)/Windows Kits/8.1/Include/shared/kernelspecs.h"
    ],
    "C:/PROGRAM FILES (X86)/WINDOWS KITS/8.1/INCLUDE/UM/REASON.H": [
        "_dc3ac35d9dc4746896293597e9f8a1b0",
        true,
        false,
        "461ae0b5",
        "C:/Program Files (x86)/Windows Kits/8.1/Include/um/reason.h"
    ],
    "D:/VPES_GIT/VPES_GIT/CUBE/.STATICDATA/PREINCLUDE/RECENT_PREINCLUDE_C.H": [
        "306227024c018cd03aca28832762ed44_",
        false,
        true,
        "dae7ffb3",
        "D:/VPES_GIT/vpes_git/cube/.staticdata/preinclude/recent_preinclude_c.h"
    ],
    "C:/PROGRAM FILES (X86)/WINDOWS KITS/10/INCLUDE/10.0.10240.0/UCRT/CORECRT_WSTDIO.H": [
        "_2443db19dcc585e308f60dafef1d4c4c",
        true,
        false,
        "7daec286",
        "C:/Program Files (x86)/Windows Kits/10/Include/10.0.10240.0/ucrt/corecrt_wstdio.h"
    ],
    "C:/PROGRAM FILES (X86)/MICROSOFT VISUAL STUDIO 14.0/VC/ATLMFC/INCLUDE/AFXANIMATIONHELPER.H": [
        "_382c16c29c5fba2ebcc74cb74cc09703",
        true,
        false,
        "65170452",
        "C:/Program Files (x86)/Microsoft Visual Studio 14.0/VC/atlmfc/include/afxanimationhelper.h"
    ],
    "C:/PROGRAM FILES (X86)/WINDOWS KITS/8.1/INCLUDE/SHARED/PACKOFF.H": [
        "_83b9492cc7727912c601f693e09b85db",
        true,
        false,
        "a63fb862",
        "C:/Program Files (x86)/Windows Kits/8.1/Include/shared/packoff.h"
    ],
    "C:/PROGRAM FILES (X86)/WINDOWS KITS/8.1/INCLUDE/UM/TRANSACT.H": [
        "_abca0fd09a550622b18905147c7f6b77",
        true,
        false,
        "e54753f9",
        "C:/Program Files (x86)/Windows Kits/8.1/Include/um/Transact.h"
    ],
    "C:/PROGRAM FILES (X86)/WINDOWS KITS/10/INCLUDE/10.0.10240.0/UCRT/MATH.H": [
        "_23cc88bd1d9451c2ce5f824306e16e4d",
        true,
        false,
        "900d98b6",
        "C:/Program Files (x86)/Windows Kits/10/Include/10.0.10240.0/ucrt/math.h"
    ],
    "C:/PROGRAM FILES (X86)/WINDOWS KITS/10/INCLUDE/10.0.10240.0/UCRT/CORECRT_MALLOC.H": [
        "_0fc81235f60a7f4d97d939bf3f759b48",
        true,
        false,
        "ce77c4a2",
        "C:/Program Files (x86)/Windows Kits/10/Include/10.0.10240.0/ucrt/corecrt_malloc.h"
    ],
    "C:/PROGRAM FILES (X86)/WINDOWS KITS/10/INCLUDE/10.0.10240.0/UCRT/ERRNO.H": [
        "_1fea3de9cd1ea6377420d20de07007ca",
        true,
        false,
        "45d3ec23",
        "C:/Program Files (x86)/Windows Kits/10/Include/10.0.10240.0/ucrt/errno.h"
    ],
    "C:/PROGRAM FILES (X86)/MICROSOFT VISUAL STUDIO 14.0/VC/ATLMFC/INCLUDE/AFXDLL_.H": [
        "_08806af49fbe34033c053929b3d6eb0e",
        true,
        false,
        "3a7d3482",
        "C:/Program Files (x86)/Microsoft Visual Studio 14.0/VC/atlmfc/include/afxdll_.h"
    ],
    "C:/PROGRAM FILES (X86)/WINDOWS KITS/8.1/INCLUDE/UM/OLEACC.H": [
        "_ac187bf8d2eea034b776e1dbd4407da3",
        true,
        false,
        "acd2f98c",
        "C:/Program Files (x86)/Windows Kits/8.1/Include/um/oleacc.h"
    ],
    "C:/PROGRAM FILES (X86)/WINDOWS KITS/8.1/INCLUDE/SHARED/NLDEF.H": [
        "_c7bc72017ca86a3e969ae446e3b91a4d",
        true,
        false,
        "2ea98cf4",
        "C:/Program Files (x86)/Windows Kits/8.1/Include/shared/nldef.h"
    ],
    "C:/PROGRAM FILES (X86)/WINDOWS KITS/8.1/INCLUDE/SHARED/WS2IPDEF.H": [
        "_239fe1ebe7ba1690f4478ce95ffc2153",
        true,
        false,
        "d8c612f6",
        "C:/Program Files (x86)/Windows Kits/8.1/Include/shared/ws2ipdef.h"
    ],
    "C:/PROGRAM FILES (X86)/WINDOWS KITS/8.1/INCLUDE/SHARED/PCIPROP.H": [
        "_df880f31733e6c99587ef96c8f2efed2",
        true,
        false,
        "b8e88da7",
        "C:/Program Files (x86)/Windows Kits/8.1/Include/shared/pciprop.h"
    ],
    "C:/PROGRAM FILES (X86)/WINDOWS KITS/8.1/INCLUDE/UM/UNKNWNBASE.H": [
        "_6aa1d5dfcda93a428823bd63b5dd4613",
        true,
        false,
        "64acdaa8",
        "C:/Program Files (x86)/Windows Kits/8.1/Include/um/Unknwnbase.h"
    ],
    "C:/PROGRAM FILES (X86)/WINDOWS KITS/8.1/INCLUDE/SHARED/NETIOAPI.H": [
        "_9a2aeee16a2b379a2b08b5d5bf9f4994",
        true,
        false,
        "9aca208e",
        "C:/Program Files (x86)/Windows Kits/8.1/Include/shared/netioapi.h"
    ],
    "C:/PROGRAM FILES (X86)/WINDOWS KITS/8.1/INCLUDE/SHARED/SPECSTRINGS_UNDEF.H": [
        "_a70ad3935da4d80559b428fe17250cc3",
        true,
        false,
        "53d0c27",
        "C:/Program Files (x86)/Windows Kits/8.1/Include/shared/specstrings_undef.h"
    ],
    "C:/PROGRAM FILES (X86)/WINDOWS KITS/8.1/INCLUDE/UM/OAIDL.H": [
        "_b54b0cf1a388db9f9ea3ea12b1c1e34b",
        true,
        false,
        "576580c3",
        "C:/Program Files (x86)/Windows Kits/8.1/Include/um/OAIdl.h"
    ],
    "C:/PROGRAM FILES (X86)/WINDOWS KITS/8.1/INCLUDE/SHARED/UDPMIB.H": [
        "_c616a85415d2762b551892d7342159c6",
        true,
        false,
        "caff1c80",
        "C:/Program Files (x86)/Windows Kits/8.1/Include/shared/udpmib.h"
    ],
    "C:/PROGRAM FILES (X86)/WINDOWS KITS/8.1/INCLUDE/UM/D3D10SDKLAYERS.H": [
        "_ee0b9839edd1a7e1ccceecd97ce0774c",
        true,
        false,
        "36b09ff5",
        "C:/Program Files (x86)/Windows Kits/8.1/Include/um/d3d10sdklayers.h"
    ],
    "C:/PROGRAM FILES (X86)/WINDOWS KITS/8.1/INCLUDE/UM/TIMEZONEAPI.H": [
        "_4d9f35ddc9df07d39a8fa85c28512cc6",
        true,
        false,
        "7d18faec",
        "C:/Program Files (x86)/Windows Kits/8.1/Include/um/timezoneapi.h"
    ],
    "D:/VPES_GIT/VPES_GIT/CUBE/CUBE.H": [
        "3cd35afcc18299d0b1456f013cbea17f",
        false,
        false,
        "d2b1857f",
        "D:/VPES_GIT/vpes_git/cube/cube.h"
    ],
    "D:/VPES_GIT/VPES_GIT/CUBE/CUBEDOC.CPP": [
        "7d55dd3b578f73b62de2d40f91ccba03",
        false,
        false,
        "75851613",
        "D:/VPES_GIT/vpes_git/cube/Cubedoc.cpp"
    ],
    "C:/PROGRAM FILES (X86)/WINDOWS KITS/8.1/INCLUDE/UM/D2DBASETYPES.H": [
        "_0a7419e1198f6001134034cd94063950",
        true,
        false,
        "8a8772b6",
        "C:/Program Files (x86)/Windows Kits/8.1/Include/um/d2dbasetypes.h"
    ],
    "C:/PROGRAM FILES (X86)/MICROSOFT VISUAL STUDIO 14.0/VC/ATLMFC/INCLUDE/AFXWIN4.INL": [
        "_a8847c7206f35048d8d833a008e48c35",
        true,
        false,
        "71664d17",
        "C:/Program Files (x86)/Microsoft Visual Studio 14.0/VC/atlmfc/include/afxwin4.inl"
    ],
    "C:/PROGRAM FILES (X86)/WINDOWS KITS/8.1/INCLUDE/UM/KTMW32.H": [
        "_d12f232a99f618b1fd01070c3bfa3817",
        true,
        false,
        "7cd9911",
        "C:/Program Files (x86)/Windows Kits/8.1/Include/um/ktmw32.h"
    ],
    "C:/PROGRAM FILES (X86)/WINDOWS KITS/8.1/INCLUDE/UM/WINNT.H": [
        "_1522c43b0291297a82540fc08171e034",
        true,
        false,
        "14b41264",
        "C:/Program Files (x86)/Windows Kits/8.1/Include/um/winnt.h"
    ],
    "C:/PROGRAM FILES (X86)/WINDOWS KITS/8.1/INCLUDE/UM/WINDOWS.H": [
        "_f689eeed53ea17b17cc9f35637e351e5",
        true,
        false,
        "512c61d1",
        "C:/Program Files (x86)/Windows Kits/8.1/Include/um/Windows.h"
    ],
    "C:/PROGRAM FILES (X86)/WINDOWS KITS/8.1/INCLUDE/UM/OLECTL.H": [
        "_aa5f781fd2724e91fe127d67a37800ce",
        true,
        false,
        "9bd01b5",
        "C:/Program Files (x86)/Windows Kits/8.1/Include/um/OleCtl.h"
    ],
    "C:/PROGRAM FILES (X86)/WINDOWS KITS/8.1/INCLUDE/UM/WINGDI.H": [
        "_8c9b6d82dd392d7999b041cc69d0a0d1",
        true,
        false,
        "ad2b7e6d",
        "C:/Program Files (x86)/Windows Kits/8.1/Include/um/wingdi.h"
    ],
    "C:/PROGRAM FILES (X86)/MICROSOFT VISUAL STUDIO 14.0/VC/INCLUDE/MM3DNOW.H": [
        "_1bbdcae26f2efdd473991dccc01960a6",
        true,
        false,
        "c53df8e9",
        "C:/Program Files (x86)/Microsoft Visual Studio 14.0/VC/include/mm3dnow.h"
    ],
    "C:/PROGRAM FILES (X86)/WINDOWS KITS/8.1/INCLUDE/UM/WINSDKVER.H": [
        "_40ecf6607f88e1c32563283c1b87b87f",
        true,
        false,
        "6f48af69",
        "C:/Program Files (x86)/Windows Kits/8.1/Include/um/winsdkver.h"
    ],
    "C:/PROGRAM FILES (X86)/WINDOWS KITS/8.1/INCLUDE/UM/DEBUGAPI.H": [
        "_f1ab426a3fb07cc26924053455b912a7",
        true,
        false,
        "8ca2a8d4",
        "C:/Program Files (x86)/Windows Kits/8.1/Include/um/debugapi.h"
    ],
    "C:/PROGRAM FILES (X86)/WINDOWS KITS/10/INCLUDE/10.0.10240.0/UCRT/CORECRT_WDIRECT.H": [
        "_b1c63d3da0b50089dac287eed32e60f1",
        true,
        false,
        "47686985",
        "C:/Program Files (x86)/Windows Kits/10/Include/10.0.10240.0/ucrt/corecrt_wdirect.h"
    ],
    "C:/PROGRAM FILES (X86)/MICROSOFT VISUAL STUDIO 14.0/VC/ATLMFC/INCLUDE/AFXMSG_.H": [
        "_a39191b46d6bef3ce84413c2f32614b3",
        true,
        false,
        "e5e58e88",
        "C:/Program Files (x86)/Microsoft Visual Studio 14.0/VC/atlmfc/include/afxmsg_.h"
    ],
    "C:/PROGRAM FILES (X86)/WINDOWS KITS/8.1/INCLUDE/SHARED/MPRAPIDEF.H": [
        "_3e21b868f17ada832600665b7e596195",
        true,
        false,
        "5a983fd2",
        "C:/Program Files (x86)/Windows Kits/8.1/Include/shared/mprapidef.h"
    ],
    "C:/PROGRAM FILES (X86)/WINDOWS KITS/8.1/INCLUDE/UM/D3D10SHADER.H": [
        "_1148c2b0cdf22dc681881a692df578f6",
        true,
        false,
        "446b65fe",
        "C:/Program Files (x86)/Windows Kits/8.1/Include/um/d3d10shader.h"
    ],
    "C:/PROGRAM FILES (X86)/MICROSOFT VISUAL STUDIO 14.0/VC/ATLMFC/INCLUDE/AFXCOLL.H": [
        "_94e652ccfd64cd4a9610ea9c9d077a1d",
        true,
        false,
        "5efb45f5",
        "C:/Program Files (x86)/Microsoft Visual Studio 14.0/VC/atlmfc/include/afxcoll.h"
    ],
    "C:/PROGRAM FILES (X86)/WINDOWS KITS/8.1/INCLUDE/UM/COMMDLG.H": [
        "_6c69a87bdd9ae2e3edb78fa390ddfd96",
        true,
        false,
        "db5535e4",
        "C:/Program Files (x86)/Windows Kits/8.1/Include/um/commdlg.h"
    ],
    "C:/PROGRAM FILES (X86)/MICROSOFT VISUAL STUDIO 14.0/VC/ATLMFC/INCLUDE/STATREG.H": [
        "_8d829d0d47fd64e033b98ed3e361086b",
        true,
        false,
        "a4838b01",
        "C:/Program Files (x86)/Microsoft Visual Studio 14.0/VC/atlmfc/include/statreg.h"
    ],
    "C:/PROGRAM FILES (X86)/WINDOWS KITS/8.1/INCLUDE/SHARED/IPIFCONS.H": [
        "_0bd788029f2b0314681acaec9d18887c",
        true,
        false,
        "4bbc9cbc",
        "C:/Program Files (x86)/Windows Kits/8.1/Include/shared/ipifcons.h"
    ],
    "C:/PROGRAM FILES (X86)/WINDOWS KITS/10/INCLUDE/10.0.10240.0/UCRT/CORECRT_WCTYPE.H": [
        "_d976b8f671bf8d4181fe643977af6e2b",
        true,
        false,
        "a49a34ba",
        "C:/Program Files (x86)/Windows Kits/10/Include/10.0.10240.0/ucrt/corecrt_wctype.h"
    ],
    "C:/PROGRAM FILES (X86)/WINDOWS KITS/8.1/INCLUDE/UM/D2D1.H": [
        "_6fddeda1f934caa07292bc23225f26cd",
        true,
        false,
        "5543f8fa",
        "C:/Program Files (x86)/Windows Kits/8.1/Include/um/d2d1.h"
    ],
    "C:/PROGRAM FILES (X86)/WINDOWS KITS/8.1/INCLUDE/UM/UNKNWN.H": [
        "_ca6a6de01dac85415d53acfb64fda819",
        true,
        false,
        "a05aec41",
        "C:/Program Files (x86)/Windows Kits/8.1/Include/um/Unknwn.h"
    ],
    "C:/PROGRAM FILES (X86)/MICROSOFT VISUAL STUDIO 14.0/VC/ATLMFC/INCLUDE/AFXDD_.H": [
        "_e063f88fec4c1a20247f71ae8564b857",
        true,
        false,
        "ff03bad",
        "C:/Program Files (x86)/Microsoft Visual Studio 14.0/VC/atlmfc/include/afxdd_.h"
    ],
    "C:/PROGRAM FILES (X86)/WINDOWS KITS/10/INCLUDE/10.0.10240.0/UCRT/CORECRT_SHARE.H": [
        "_aa5cba65b667c58436f364547cd48644",
        true,
        false,
        "2c07c750",
        "C:/Program Files (x86)/Windows Kits/10/Include/10.0.10240.0/ucrt/corecrt_share.h"
    ],
    "C:/PROGRAM FILES (X86)/WINDOWS KITS/8.1/INCLUDE/UM/PROPKEYDEF.H": [
        "_1d5e2892912f41861ce7e3c17d7a37d8",
        true,
        false,
        "83075d4",
        "C:/Program Files (x86)/Windows Kits/8.1/Include/um/propkeydef.h"
    ],
    "C:/PROGRAM FILES (X86)/WINDOWS KITS/8.1/INCLUDE/SHARED/TVOUT.H": [
        "_a0f4f8be0ad81c529799b1b2e5110583",
        true,
        false,
        "673afaff",
        "C:/Program Files (x86)/Windows Kits/8.1/Include/shared/tvout.h"
    ],
    "C:/PROGRAM FILES (X86)/MICROSOFT VISUAL STUDIO 14.0/VC/INCLUDE/VADEFS.H": [
        "_303c50a7bc924cd426baa20c7f16192c",
        true,
        false,
        "e86b0504",
        "C:/Program Files (x86)/Microsoft Visual Studio 14.0/VC/include/vadefs.h"
    ],
    "C:/PROGRAM FILES (X86)/WINDOWS KITS/8.1/INCLUDE/SHARED/WLANTYPES.H": [
        "_35ba75fe6e89df4ea0be3b88ab805d89",
        true,
        false,
        "ed0f944f",
        "C:/Program Files (x86)/Windows Kits/8.1/Include/shared/wlantypes.h"
    ],
    "C:/PROGRAM FILES (X86)/MICROSOFT VISUAL STUDIO 14.0/VC/ATLMFC/INCLUDE/AFXV_W32.H": [
        "_95470f6cf5947c22a71b25c5ca5f3a4c",
        true,
        false,
        "c1ef6f79",
        "C:/Program Files (x86)/Microsoft Visual Studio 14.0/VC/atlmfc/include/afxv_w32.h"
    ],
    "D:/VPES_GIT/VPES_GIT/CUBE/CUBE.CPP": [
        "fce6f9f57a72cdfc4fd159d650d8c663",
        false,
        false,
        "8c74583",
        "D:/VPES_GIT/vpes_git/cube/Cube.cpp"
    ],
    "D:/VPES_GIT/VPES_GIT/CUBE/CUBEVIEW.H": [
        "b511aebcfdd322f0d8444501d07f7ae9",
        false,
        false,
        "c1bd4829",
        "D:/VPES_GIT/vpes_git/cube/cubeview.h"
    ],
    "C:/PROGRAM FILES (X86)/WINDOWS KITS/8.1/INCLUDE/SHARED/IPMIB.H": [
        "_668e9523029607499a1b645439049254",
        true,
        false,
        "dd150067",
        "C:/Program Files (x86)/Windows Kits/8.1/Include/shared/ipmib.h"
    ],
    "C:/PROGRAM FILES (X86)/WINDOWS KITS/8.1/INCLUDE/UM/HTMLHELP.H": [
        "_ff1b840201dcee21d6f4099836bf7d70",
        true,
        false,
        "97adf8a5",
        "C:/Program Files (x86)/Windows Kits/8.1/Include/um/HtmlHelp.h"
    ],
    "C:/PROGRAM FILES (X86)/WINDOWS KITS/8.1/INCLUDE/SHARED/SPECSTRINGS_STRICT.H": [
        "_40536c9a0587b27421d57ad713131932",
        true,
        false,
        "36bbaee8",
        "C:/Program Files (x86)/Windows Kits/8.1/Include/shared/specstrings_strict.h"
    ],
    "C:/PROGRAM FILES (X86)/MICROSOFT VISUAL STUDIO 14.0/VC/ATLMFC/INCLUDE/ATLCORE.H": [
        "_831a74e23198700f34ab9e12fcedbb62",
        true,
        false,
        "8cbce327",
        "C:/Program Files (x86)/Microsoft Visual Studio 14.0/VC/atlmfc/include/atlcore.h"
    ],
    "C:/PROGRAM FILES (X86)/WINDOWS KITS/8.1/INCLUDE/UM/PROFILEAPI.H": [
        "_ed810124ba66d2372a9669e131b689a2",
        true,
        false,
        "9452dfca",
        "C:/Program Files (x86)/Windows Kits/8.1/Include/um/profileapi.h"
    ],
    "C:/PROGRAM FILES (X86)/WINDOWS KITS/8.1/INCLUDE/UM/THREADPOOLLEGACYAPISET.H": [
        "_49e76368534f52606577603657e21e81",
        true,
        false,
        "33186ea6",
        "C:/Program Files (x86)/Windows Kits/8.1/Include/um/threadpoollegacyapiset.h"
    ],
    "C:/PROGRAM FILES (X86)/MICROSOFT VISUAL STUDIO 14.0/VC/ATLMFC/INCLUDE/AFXV_DLL.H": [
        "_6aad981900c7d72a6955d45e72c9668b",
        true,
        false,
        "f146e989",
        "C:/Program Files (x86)/Microsoft Visual Studio 14.0/VC/atlmfc/include/afxv_dll.h"
    ],
    "C:/PROGRAM FILES (X86)/WINDOWS KITS/8.1/INCLUDE/SHARED/GUIDDEF.H": [
        "_ca7d066706a198ea5999b084aab0ce58",
        true,
        false,
        "4855d4cb",
        "C:/Program Files (x86)/Windows Kits/8.1/Include/shared/guiddef.h"
    ],
    "C:/PROGRAM FILES (X86)/MICROSOFT VISUAL STUDIO 14.0/VC/INCLUDE/PMMINTRIN.H": [
        "_39daf16f1223bb132a69d64e6630aba3",
        true,
        false,
        "e8530146",
        "C:/Program Files (x86)/Microsoft Visual Studio 14.0/VC/include/pmmintrin.h"
    ],
    "C:/PROGRAM FILES (X86)/WINDOWS KITS/8.1/INCLUDE/UM/D3D10_1SHADER.H": [
        "_310a707a546c57d0c0a85c75448360f6",
        true,
        false,
        "6de4db89",
        "C:/Program Files (x86)/Windows Kits/8.1/Include/um/d3d10_1shader.h"
    ],
    "C:/PROGRAM FILES (X86)/WINDOWS KITS/8.1/INCLUDE/UM/NAMESPACEAPI.H": [
        "_868272eb0c477b45c3e46fe764c95a3f",
        true,
        false,
        "67fdc3c",
        "C:/Program Files (x86)/Windows Kits/8.1/Include/um/namespaceapi.h"
    ],
    "C:/PROGRAM FILES (X86)/WINDOWS KITS/8.1/INCLUDE/UM/OLEAUTO.H": [
        "_72ad4aaf9cae8a9ec92282925977e43b",
        true,
        false,
        "43ded5c",
        "C:/Program Files (x86)/Windows Kits/8.1/Include/um/OleAuto.h"
    ],
    "C:/PROGRAM FILES (X86)/WINDOWS KITS/10/INCLUDE/10.0.10240.0/UCRT/STDDEF.H": [
        "_c2980516ec6936bddc3dc739ba9cb84d",
        true,
        false,
        "22e8ca25",
        "C:/Program Files (x86)/Windows Kits/10/Include/10.0.10240.0/ucrt/stddef.h"
    ],
    "C:/PROGRAM FILES (X86)/WINDOWS KITS/10/INCLUDE/10.0.10240.0/UCRT/STDLIB.H": [
        "_c44c7e39ee3b3a4ef6b3211ec0110aa8",
        true,
        false,
        "d2d5c168",
        "C:/Program Files (x86)/Windows Kits/10/Include/10.0.10240.0/ucrt/stdlib.h"
    ],
    "C:/PROGRAM FILES (X86)/WINDOWS KITS/8.1/INCLUDE/UM/ERRHANDLINGAPI.H": [
        "_dc2ffc2b6cc967c47032fe7728cf3387",
        true,
        false,
        "a66b11e5",
        "C:/Program Files (x86)/Windows Kits/8.1/Include/um/errhandlingapi.h"
    ],
    "C:/PROGRAM FILES (X86)/WINDOWS KITS/8.1/INCLUDE/SHARED/TCPMIB.H": [
        "_9d5a2fb053ab0091cddaabc337cc813a",
        true,
        false,
        "bb3b4b82",
        "C:/Program Files (x86)/Windows Kits/8.1/Include/shared/tcpmib.h"
    ],
    "C:/PROGRAM FILES (X86)/WINDOWS KITS/8.1/INCLUDE/UM/WINCON.H": [
        "_9782458c8c66c3d5e1fddcc52d62c1c5",
        true,
        false,
        "2e2632c8",
        "C:/Program Files (x86)/Windows Kits/8.1/Include/um/wincon.h"
    ],
    "C:/PROGRAM FILES (X86)/WINDOWS KITS/10/INCLUDE/10.0.10240.0/UCRT/CORECRT_MEMORY.H": [
        "_96c01ee8e4c01b90601d93353838ebf8",
        true,
        false,
        "80ebadd3",
        "C:/Program Files (x86)/Windows Kits/10/Include/10.0.10240.0/ucrt/corecrt_memory.h"
    ],
    "C:/PROGRAM FILES (X86)/WINDOWS KITS/8.1/INCLUDE/UM/FILTER.H": [
        "_982307fd0ba1dd4725b532775dd1f4ca",
        true,
        false,
        "93e37031",
        "C:/Program Files (x86)/Windows Kits/8.1/Include/um/Filter.h"
    ],
    "C:/PROGRAM FILES (X86)/WINDOWS KITS/8.1/INCLUDE/SHARED/WTYPESBASE.H": [
        "_d87f503d7a626fce1f4c608cee92fd0f",
        true,
        false,
        "331790f7",
        "C:/Program Files (x86)/Windows Kits/8.1/Include/shared/WTypesbase.h"
    ],
    "C:/PROGRAM FILES (X86)/WINDOWS KITS/8.1/INCLUDE/SHARED/SDKDDKVER.H": [
        "_c7b4414a3c6093cfe27e7a9a4e88f7ec",
        true,
        false,
        "8e735f3c",
        "C:/Program Files (x86)/Windows Kits/8.1/Include/shared/sdkddkver.h"
    ],
    "C:/PROGRAM FILES (X86)/WINDOWS KITS/10/INCLUDE/10.0.10240.0/UCRT/CORECRT_STDIO_CONFIG.H": [
        "_035d8ef27e5026070e7650ea137714a0",
        true,
        false,
        "feefcca4",
        "C:/Program Files (x86)/Windows Kits/10/Include/10.0.10240.0/ucrt/corecrt_stdio_config.h"
    ],
    "C:/PROGRAM FILES (X86)/WINDOWS KITS/8.1/INCLUDE/SHARED/RPCSAL.H": [
        "_8e0c424ef4ee155bdedda64f523ad214",
        true,
        false,
        "832d8ad1",
        "C:/Program Files (x86)/Windows Kits/8.1/Include/shared/rpcsal.h"
    ],
    "C:/PROGRAM FILES (X86)/MICROSOFT VISUAL STUDIO 14.0/VC/ATLMFC/INCLUDE/AFX.H": [
        "_d9735858dbb0972831d91ff6a016e080",
        true,
        false,
        "54ba897c",
        "C:/Program Files (x86)/Microsoft Visual Studio 14.0/VC/atlmfc/include/afx.h"
    ],
    "C:/PROGRAM FILES (X86)/WINDOWS KITS/10/INCLUDE/10.0.10240.0/UCRT/CTYPE.H": [
        "_386a22ab644e999820c7c22fce5db574",
        true,
        false,
        "1b473995",
        "C:/Program Files (x86)/Windows Kits/10/Include/10.0.10240.0/ucrt/ctype.h"
    ],
    "C:/PROGRAM FILES (X86)/WINDOWS KITS/8.1/INCLUDE/SHARED/DEVPKEY.H": [
        "_b78c8611c45a4655d86106415481ece8",
        true,
        false,
        "1c315ae4",
        "C:/Program Files (x86)/Windows Kits/8.1/Include/shared/devpkey.h"
    ],
    "C:/PROGRAM FILES (X86)/WINDOWS KITS/8.1/INCLUDE/UM/UIANIMATION.H": [
        "_f04e99e48d9de2de07e5c262ca2a67c8",
        true,
        false,
        "222bafb5",
        "C:/Program Files (x86)/Windows Kits/8.1/Include/um/UIAnimation.h"
    ],
    "C:/PROGRAM FILES (X86)/WINDOWS KITS/10/INCLUDE/10.0.10240.0/UCRT/TIME.H": [
        "_a877767a03e0a21223d4bd2e2c5522fa",
        true,
        false,
        "a1bb024e",
        "C:/Program Files (x86)/Windows Kits/10/Include/10.0.10240.0/ucrt/time.h"
    ],
    "C:/PROGRAM FILES (X86)/WINDOWS KITS/8.1/INCLUDE/UM/PROPSYS.H": [
        "_d6bae080b02cfd9389bd48bc16183ae2",
        true,
        false,
        "2ba59d1c",
        "C:/Program Files (x86)/Windows Kits/8.1/Include/um/propsys.h"
    ],
    "C:/PROGRAM FILES (X86)/MICROSOFT VISUAL STUDIO 14.0/VC/INCLUDE/XMMINTRIN.H": [
        "_e4963431577926d9ba190cd6c10f8743",
        true,
        false,
        "de1bb3e7",
        "C:/Program Files (x86)/Microsoft Visual Studio 14.0/VC/include/xmmintrin.h"
    ],
    "C:/PROGRAM FILES (X86)/MICROSOFT VISUAL STUDIO 14.0/VC/ATLMFC/INCLUDE/ATLTIME.H": [
        "_691fdb2acfa8f867d5cdc9c8ef40e2b4",
        true,
        false,
        "8427708c",
        "C:/Program Files (x86)/Microsoft Visual Studio 14.0/VC/atlmfc/include/atltime.h"
    ],
    "C:/PROGRAM FILES (X86)/MICROSOFT VISUAL STUDIO 14.0/VC/ATLMFC/INCLUDE/AFXANIMATIONCONTROLLER.H": [
        "_a215fd85d2f03a8f3b2fa26450e61c63",
        true,
        false,
        "ee15d3c4",
        "C:/Program Files (x86)/Microsoft Visual Studio 14.0/VC/atlmfc/include/afxanimationcontroller.h"
    ],
    "C:/PROGRAM FILES (X86)/WINDOWS KITS/8.1/INCLUDE/UM/VSSTYLE.H": [
        "_95ec44f574adb5ccdc0232dd057196f0",
        true,
        false,
        "c186824f",
        "C:/Program Files (x86)/Windows Kits/8.1/Include/um/vsstyle.h"
    ],
    "C:/PROGRAM FILES (X86)/WINDOWS KITS/8.1/INCLUDE/UM/OCIDL.H": [
        "_79f7104f0a91b6096ef4288cdd4bafcd",
        true,
        false,
        "f658ff81",
        "C:/Program Files (x86)/Windows Kits/8.1/Include/um/OCIdl.h"
    ],
    "C:/PROGRAM FILES (X86)/MICROSOFT VISUAL STUDIO 14.0/VC/ATLMFC/INCLUDE/ATLWINVERAPI.H": [
        "_5dba476a0ee738eb6a57f0b62b57f4c5",
        true,
        false,
        "4298517",
        "C:/Program Files (x86)/Microsoft Visual Studio 14.0/VC/atlmfc/include/atlwinverapi.h"
    ],
    "C:/PROGRAM FILES (X86)/WINDOWS KITS/8.1/INCLUDE/UM/HANDLEAPI.H": [
        "_a46661e70fbf59738d585315504a60f2",
        true,
        false,
        "6fcb144a",
        "C:/Program Files (x86)/Windows Kits/8.1/Include/um/handleapi.h"
    ],
    "C:/PROGRAM FILES (X86)/WINDOWS KITS/8.1/INCLUDE/SHARED/WINERROR.H": [
        "_c32b1dbed3b1f0f89567d89c2aad4391",
        true,
        false,
        "1cba2647",
        "C:/Program Files (x86)/Windows Kits/8.1/Include/shared/winerror.h"
    ],
    "D:/VPES_GIT/VPES_GIT/CUBE/.STATICDATA/PREINCLUDE/RECENT_PREINCLUDE_CPP.H": [
        "671db7da616e01bcf40029ff0c4f4114_",
        false,
        true,
        "cb201cdc",
        "D:/VPES_GIT/vpes_git/cube/.staticdata/preinclude/recent_preinclude_cpp.h"
    ],
    "C:/PROGRAM FILES (X86)/WINDOWS KITS/8.1/INCLUDE/UM/WINSOCK2.H": [
        "_4fd167b4fd00d35a4c8e6e23d9f7a1b6",
        true,
        false,
        "207a9c2a",
        "C:/Program Files (x86)/Windows Kits/8.1/Include/um/WinSock2.h"
    ],
    "C:/PROGRAM FILES (X86)/MICROSOFT VISUAL STUDIO 14.0/VC/INCLUDE/VCRUNTIME_NEW.H": [
        "_a40485987be01baf5f57569a41dab837",
        true,
        false,
        "7de44951",
        "C:/Program Files (x86)/Microsoft Visual Studio 14.0/VC/include/vcruntime_new.h"
    ],
    "C:/PROGRAM FILES (X86)/MICROSOFT VISUAL STUDIO 14.0/VC/ATLMFC/INCLUDE/AFX.INL": [
        "_8bed494bce2de3c1b736721e3a09708c",
        true,
        false,
        "b3095b87",
        "C:/Program Files (x86)/Microsoft Visual Studio 14.0/VC/atlmfc/include/afx.inl"
    ],
    "D:/VPES_GIT/VPES_GIT/CUBE/RESOURCE.H": [
        "5a670002b3210cd282e25bf023a5c003",
        false,
        false,
        "ddfc7baa",
        "D:/VPES_GIT/vpes_git/cube/resource.h"
    ],
    "C:/PROGRAM FILES (X86)/WINDOWS KITS/8.1/INCLUDE/SHARED/BASETSD.H": [
        "_ee3f77a83aa5d432c640944d849186fe",
        true,
        false,
        "3131bf07",
        "C:/Program Files (x86)/Windows Kits/8.1/Include/shared/basetsd.h"
    ],
    "C:/PROGRAM FILES (X86)/WINDOWS KITS/8.1/INCLUDE/UM/MSXML.H": [
        "_f8ea13c75ce492041aca3278b0b2bd8d",
        true,
        false,
        "96058430",
        "C:/Program Files (x86)/Windows Kits/8.1/Include/um/msxml.h"
    ],
    "C:/PROGRAM FILES (X86)/WINDOWS KITS/8.1/INCLUDE/UM/ACCCTRL.H": [
        "_35ad2a9dac18c50d4ac366292b25e3a6",
        true,
        false,
        "5f260da4",
        "C:/Program Files (x86)/Windows Kits/8.1/Include/um/AccCtrl.h"
    ],
    "C:/PROGRAM FILES (X86)/WINDOWS KITS/8.1/INCLUDE/UM/VSSYM32.H": [
        "_69c21c2775943bd3e2195edf0ce120e6",
        true,
        false,
        "d95437d1",
        "C:/Program Files (x86)/Windows Kits/8.1/Include/um/vssym32.h"
    ],
    "C:/PROGRAM FILES (X86)/WINDOWS KITS/8.1/INCLUDE/UM/OBJIDL.H": [
        "_ba8f021cb803e76b15bd05b373e42dc0",
        true,
        false,
        "f3810ebe",
        "C:/Program Files (x86)/Windows Kits/8.1/Include/um/ObjIdl.h"
    ],
    "C:/PROGRAM FILES (X86)/MICROSOFT VISUAL STUDIO 14.0/VC/INCLUDE/SAL.H": [
        "_25992979c3dc319b2b22111261d8b4ba",
        true,
        false,
        "d35c97d5",
        "C:/Program Files (x86)/Microsoft Visual Studio 14.0/VC/include/sal.h"
    ],
    "C:/PROGRAM FILES (X86)/MICROSOFT VISUAL STUDIO 14.0/VC/ATLMFC/INCLUDE/AFXTLS_.H": [
        "_163459423c2f956f7cee3eea85f14503",
        true,
        false,
        "dae38278",
        "C:/Program Files (x86)/Microsoft Visual Studio 14.0/VC/atlmfc/include/afxtls_.h"
    ],
    "C:/PROGRAM FILES (X86)/WINDOWS KITS/8.1/INCLUDE/UM/WINNLS.H": [
        "_0c96b0bb5ab932ba577e4dd0558c895d",
        true,
        false,
        "b07016de",
        "C:/Program Files (x86)/Windows Kits/8.1/Include/um/WinNls.h"
    ],
    "C:/PROGRAM FILES (X86)/WINDOWS KITS/8.1/INCLUDE/UM/SYSINFOAPI.H": [
        "_eca60ec54c06035026114a78ac8079d5",
        true,
        false,
        "cd3f36ca",
        "C:/Program Files (x86)/Windows Kits/8.1/Include/um/sysinfoapi.h"
    ],
    "C:/PROGRAM FILES (X86)/WINDOWS KITS/8.1/INCLUDE/UM/COMMCTRL.H": [
        "_df16222e2a4e17d0100d8632b49d1810",
        true,
        false,
        "37560019",
        "C:/Program Files (x86)/Windows Kits/8.1/Include/um/CommCtrl.h"
    ],
    "C:/PROGRAM FILES (X86)/MICROSOFT VISUAL STUDIO 14.0/VC/ATLMFC/INCLUDE/ATLBASE.H": [
        "_d096bbe2991673f0340d9024e79e0dad",
        true,
        false,
        "6331d179",
        "C:/Program Files (x86)/Microsoft Visual Studio 14.0/VC/atlmfc/include/atlbase.h"
    ],
    "C:/PROGRAM FILES (X86)/WINDOWS KITS/8.1/INCLUDE/SHARED/TCPESTATS.H": [
        "_383c41b3c0f64a40b12558e5f5059666",
        true,
        false,
        "6aa19488",
        "C:/Program Files (x86)/Windows Kits/8.1/Include/shared/tcpestats.h"
    ],
    "C:/PROGRAM FILES (X86)/MICROSOFT VISUAL STUDIO 14.0/VC/ATLMFC/INCLUDE/AFXEXT.H": [
        "_6ae95bafa8c426875d14a7b761d549dd",
        true,
        false,
        "62600481",
        "C:/Program Files (x86)/Microsoft Visual Studio 14.0/VC/atlmfc/include/afxext.h"
    ],
    "C:/PROGRAM FILES (X86)/WINDOWS KITS/8.1/INCLUDE/SHARED/RPCNTERR.H": [
        "_f5bfc4e0927d0c1d940bfa27199f9239",
        true,
        false,
        "48431eeb",
        "C:/Program Files (x86)/Windows Kits/8.1/Include/shared/rpcnterr.h"
    ],
    "C:/PROGRAM FILES (X86)/WINDOWS KITS/10/INCLUDE/10.0.10240.0/UCRT/MBCTYPE.H": [
        "_6a90bdfdc7e7943d5befe67daa42c2d8",
        true,
        false,
        "392ab254",
        "C:/Program Files (x86)/Windows Kits/10/Include/10.0.10240.0/ucrt/mbctype.h"
    ],
    "C:/PROGRAM FILES (X86)/WINDOWS KITS/8.1/INCLUDE/UM/UTILAPISET.H": [
        "_aac2a590d28afdb315f51ad39c6643f5",
        true,
        false,
        "ecae54c1",
        "C:/Program Files (x86)/Windows Kits/8.1/Include/um/utilapiset.h"
    ],
    "C:/PROGRAM FILES (X86)/MICROSOFT VISUAL STUDIO 14.0/VC/ATLMFC/INCLUDE/ATLTYPES.H": [
        "_0db1fb6e9cbebba7d6963853230db33b",
        true,
        false,
        "38b30c1f",
        "C:/Program Files (x86)/Microsoft Visual Studio 14.0/VC/atlmfc/include/atltypes.h"
    ],
    "C:/PROGRAM FILES (X86)/MICROSOFT VISUAL STUDIO 14.0/VC/INCLUDE/AMMINTRIN.H": [
        "_6f2ca2570a523478e82c631fad477584",
        true,
        false,
        "9a3197b7",
        "C:/Program Files (x86)/Microsoft Visual Studio 14.0/VC/include/ammintrin.h"
    ],
    "C:/PROGRAM FILES (X86)/WINDOWS KITS/10/INCLUDE/10.0.10240.0/UCRT/NEW.H": [
        "_0c642ab67ad6c0c9656a70188b8ca6ef",
        true,
        false,
        "c40222f7",
        "C:/Program Files (x86)/Windows Kits/10/Include/10.0.10240.0/ucrt/new.h"
    ],
    "C:/PROGRAM FILES (X86)/WINDOWS KITS/8.1/INCLUDE/UM/RPCNSI.H": [
        "_5b1c3d7527f37d2bd9206ab7c0b6ce1d",
        true,
        false,
        "cb096fb0",
        "C:/Program Files (x86)/Windows Kits/8.1/Include/um/rpcnsi.h"
    ],
    "C:/PROGRAM FILES (X86)/WINDOWS KITS/8.1/INCLUDE/UM/GL/GLU.H": [
        "_12be9f1ea4235f49a0bf9ec8f4ad0443",
        true,
        false,
        "2ca913cd",
        "C:/Program Files (x86)/Windows Kits/8.1/Include/um/gl/GLU.h"
    ],
    "C:/PROGRAM FILES (X86)/WINDOWS KITS/8.1/INCLUDE/UM/CGUID.H": [
        "_80192576e3986bc07786a63c49241b11",
        true,
        false,
        "3108f29c",
        "C:/Program Files (x86)/Windows Kits/8.1/Include/um/cguid.h"
    ],
    "C:/PROGRAM FILES (X86)/WINDOWS KITS/10/INCLUDE/10.0.10240.0/UCRT/CORECRT_WCONIO.H": [
        "_1033a73d366e0663d8c3b9e9a6abb7ac",
        true,
        false,
        "b5372473",
        "C:/Program Files (x86)/Windows Kits/10/Include/10.0.10240.0/ucrt/corecrt_wconio.h"
    ],
    "C:/PROGRAM FILES (X86)/MICROSOFT VISUAL STUDIO 14.0/VC/ATLMFC/INCLUDE/ATLRC.H": [
        "_ae157d2fe06cf6d9cbde4f747d27006a",
        true,
        false,
        "8bed0753",
        "C:/Program Files (x86)/Microsoft Visual Studio 14.0/VC/atlmfc/include/atlrc.h"
    ],
    "C:/PROGRAM FILES (X86)/WINDOWS KITS/8.1/INCLUDE/UM/D3D10_1.H": [
        "_794ba9067d38ec7ef0f44abfc30ed8f7",
        true,
        false,
        "5933fa8b",
        "C:/Program Files (x86)/Windows Kits/8.1/Include/um/d3d10_1.h"
    ],
    "C:/PROGRAM FILES (X86)/WINDOWS KITS/8.1/INCLUDE/SHARED/PSHPACK2.H": [
        "_ae56b318d2a7226c7940f49c5e0b7c9f",
        true,
        false,
        "f30c06df",
        "C:/Program Files (x86)/Windows Kits/8.1/Include/shared/pshpack2.h"
    ],
    "C:/PROGRAM FILES (X86)/WINDOWS KITS/8.1/INCLUDE/SHARED/IFMIB.H": [
        "_8a161907937c30a82f50ec1a05219f5c",
        true,
        false,
        "2e7a0f94",
        "C:/Program Files (x86)/Windows Kits/8.1/Include/shared/ifmib.h"
    ],
    "C:/PROGRAM FILES (X86)/MICROSOFT VISUAL STUDIO 14.0/VC/INCLUDE/WMMINTRIN.H": [
        "_3fdd6c52ce280f61e8508e91a98f9fc0",
        true,
        false,
        "bde41ed4",
        "C:/Program Files (x86)/Microsoft Visual Studio 14.0/VC/include/wmmintrin.h"
    ],
    "C:/PROGRAM FILES (X86)/WINDOWS KITS/8.1/INCLUDE/UM/REALTIMEAPISET.H": [
        "_5d07c19a712b0770eaad6333ba3844ad",
        true,
        false,
        "c33a3684",
        "C:/Program Files (x86)/Windows Kits/8.1/Include/um/realtimeapiset.h"
    ],
    "C:/PROGRAM FILES (X86)/MICROSOFT VISUAL STUDIO 14.0/VC/ATLMFC/INCLUDE/ATLCHECKED.H": [
        "_8f24b02e94067b10e04430c9516fe4c8",
        true,
        false,
        "2ae3c7ee",
        "C:/Program Files (x86)/Microsoft Visual Studio 14.0/VC/atlmfc/include/atlchecked.h"
    ],
    "C:/PROGRAM FILES (X86)/WINDOWS KITS/10/INCLUDE/10.0.10240.0/UCRT/CORECRT_SEARCH.H": [
        "_9fbd7e6c48c9d82608f06b0912043bbe",
        true,
        false,
        "169d255e",
        "C:/Program Files (x86)/Windows Kits/10/Include/10.0.10240.0/ucrt/corecrt_search.h"
    ],
    "C:/PROGRAM FILES (X86)/WINDOWS KITS/8.1/INCLUDE/UM/SHTYPES.H": [
        "_6f060d7df1d5a0f9a76b7e4331c596a1",
        true,
        false,
        "a6ab6f63",
        "C:/Program Files (x86)/Windows Kits/8.1/Include/um/shtypes.h"
    ],
    "C:/PROGRAM FILES (X86)/WINDOWS KITS/8.1/INCLUDE/UM/SECURITYBASEAPI.H": [
        "_70da2750ea25559c5bf91e50a6ce7f46",
        true,
        false,
        "5a20bbb8",
        "C:/Program Files (x86)/Windows Kits/8.1/Include/um/securitybaseapi.h"
    ],
    "C:/PROGRAM FILES (X86)/MICROSOFT VISUAL STUDIO 14.0/VC/ATLMFC/INCLUDE/AFXWIN.H": [
        "_96955b6a833fb7e00080d2dd5ce391af",
        true,
        false,
        "301956f2",
        "C:/Program Files (x86)/Microsoft Visual Studio 14.0/VC/atlmfc/include/afxwin.h"
    ],
    "C:/PROGRAM FILES (X86)/WINDOWS KITS/8.1/INCLUDE/UM/D3DCOMMON.H": [
        "_3142760918c45df14ca7404c0ad9480a",
        true,
        false,
        "55cf3892",
        "C:/Program Files (x86)/Windows Kits/8.1/Include/um/d3dcommon.h"
    ],
    "C:/PROGRAM FILES (X86)/WINDOWS KITS/8.1/INCLUDE/SHARED/QOS.H": [
        "_4e397cbf6a5dd3540079320b494a70d0",
        true,
        false,
        "997598b6",
        "C:/Program Files (x86)/Windows Kits/8.1/Include/shared/qos.h"
    ],
    "C:/PROGRAM FILES (X86)/WINDOWS KITS/8.1/INCLUDE/SHARED/STRALIGN.H": [
        "_dcc558defd73c17745f94cc5a98632d9",
        true,
        false,
        "b405cc10",
        "C:/Program Files (x86)/Windows Kits/8.1/Include/shared/stralign.h"
    ],
    "C:/PROGRAM FILES (X86)/WINDOWS KITS/8.1/INCLUDE/SHARED/NTDDNDIS.H": [
        "_2ab8173a24446ced7af945f77b3cdfca",
        true,
        false,
        "50c2093a",
        "C:/Program Files (x86)/Windows Kits/8.1/Include/shared/ntddndis.h"
    ],
    "C:/PROGRAM FILES (X86)/WINDOWS KITS/10/INCLUDE/10.0.10240.0/UCRT/CORECRT_WSTDLIB.H": [
        "_39876eee9d09d6f14111fe230745bf23",
        true,
        false,
        "dac66be",
        "C:/Program Files (x86)/Windows Kits/10/Include/10.0.10240.0/ucrt/corecrt_wstdlib.h"
    ],
    "C:/PROGRAM FILES (X86)/MICROSOFT VISUAL STUDIO 14.0/VC/INCLUDE/SMMINTRIN.H": [
        "_974875f937f480095db6cc3cb52fae5b",
        true,
        false,
        "55035df8",
        "C:/Program Files (x86)/Microsoft Visual Studio 14.0/VC/include/smmintrin.h"
    ],
    "C:/PROGRAM FILES (X86)/MICROSOFT VISUAL STUDIO 14.0/VC/ATLMFC/INCLUDE/ATLALLOC.H": [
        "_6589df700cd22b7edc93f2538a21e985",
        true,
        false,
        "c33a5cef",
        "C:/Program Files (x86)/Microsoft Visual Studio 14.0/VC/atlmfc/include/atlalloc.h"
    ],
    "C:/PROGRAM FILES (X86)/WINDOWS KITS/8.1/INCLUDE/SHARED/DRIVERSPECS.H": [
        "_67673f767ebe35a321c6f0b58d436d03",
        true,
        false,
        "81d311c",
        "C:/Program Files (x86)/Windows Kits/8.1/Include/shared/driverspecs.h"
    ],
    "C:/PROGRAM FILES (X86)/WINDOWS KITS/8.1/INCLUDE/SHARED/RPC.H": [
        "_1a9528f5dc4ff8ac69545efa078ac0f7",
        true,
        false,
        "33bbf07c",
        "C:/Program Files (x86)/Windows Kits/8.1/Include/shared/rpc.h"
    ],
    "C:/PROGRAM FILES (X86)/WINDOWS KITS/8.1/INCLUDE/SHARED/RPCDCEP.H": [
        "_591e170b424398e2d6988d460536c578",
        true,
        false,
        "8de7b236",
        "C:/Program Files (x86)/Windows Kits/8.1/Include/shared/rpcdcep.h"
    ],
    "C:/PROGRAM FILES (X86)/MICROSOFT VISUAL STUDIO 14.0/VC/ATLMFC/INCLUDE/AFXSTR.H": [
        "_ff848f9acc8da042efa5e52d4f6af008",
        true,
        false,
        "4c61e363",
        "C:/Program Files (x86)/Microsoft Visual Studio 14.0/VC/atlmfc/include/afxstr.h"
    ],
    "C:/PROGRAM FILES (X86)/WINDOWS KITS/8.1/INCLUDE/SHARED/DEVPROPDEF.H": [
        "_4a1039b7329a76c1211c9ff8b06c2647",
        true,
        false,
        "3fb70e6c",
        "C:/Program Files (x86)/Windows Kits/8.1/Include/shared/devpropdef.h"
    ],
    "C:/PROGRAM FILES (X86)/MICROSOFT VISUAL STUDIO 14.0/VC/INCLUDE/TMMINTRIN.H": [
        "_922280581bed151cc6af68a6b442a2b9",
        true,
        false,
        "edd268a8",
        "C:/Program Files (x86)/Microsoft Visual Studio 14.0/VC/include/tmmintrin.h"
    ],
    "C:/PROGRAM FILES (X86)/WINDOWS KITS/8.1/INCLUDE/UM/GL/GL.H": [
        "_6a9170707bd6268cf98f69e37cbf0696",
        true,
        false,
        "f38d0d3e",
        "C:/Program Files (x86)/Windows Kits/8.1/Include/um/gl/GL.h"
    ],
    "C:/PROGRAM FILES (X86)/WINDOWS KITS/10/INCLUDE/10.0.10240.0/UCRT/CORECRT_WTIME.H": [
        "_4fb7a84edfffad49efaa96980aab259d",
        true,
        false,
        "a6bd5544",
        "C:/Program Files (x86)/Windows Kits/10/Include/10.0.10240.0/ucrt/corecrt_wtime.h"
    ],
    "C:/PROGRAM FILES (X86)/WINDOWS KITS/8.1/INCLUDE/UM/FIBERSAPI.H": [
        "_48bd3bee78c08b2eb29240d7f685bedd",
        true,
        false,
        "e6322f60",
        "C:/Program Files (x86)/Windows Kits/8.1/Include/um/fibersapi.h"
    ],
    "C:/PROGRAM FILES (X86)/WINDOWS KITS/10/INCLUDE/10.0.10240.0/UCRT/CRTDBG.H": [
        "_c90352ab43b0b8a8328805aad745a33b",
        true,
        false,
        "19f82424",
        "C:/Program Files (x86)/Windows Kits/10/Include/10.0.10240.0/ucrt/crtdbg.h"
    ],
    "C:/PROGRAM FILES (X86)/MICROSOFT VISUAL STUDIO 14.0/VC/ATLMFC/INCLUDE/AFXRES.H": [
        "_5fb615462afb546da699b344d0cba828",
        true,
        false,
        "fa62894",
        "C:/Program Files (x86)/Microsoft Visual Studio 14.0/VC/atlmfc/include/afxres.h"
    ],
    "C:/PROGRAM FILES (X86)/WINDOWS KITS/8.1/INCLUDE/SHARED/RPCNDR.H": [
        "_51fff0dda7fefefb0b17c1dc4777a3a6",
        true,
        false,
        "58183a22",
        "C:/Program Files (x86)/Windows Kits/8.1/Include/shared/rpcndr.h"
    ],
    "C:/PROGRAM FILES (X86)/WINDOWS KITS/8.1/INCLUDE/UM/DATETIMEAPI.H": [
        "_0f9d48399a153be068a94759974eac45",
        true,
        false,
        "a14b0647",
        "C:/Program Files (x86)/Windows Kits/8.1/Include/um/datetimeapi.h"
    ],
    "C:/PROGRAM FILES (X86)/WINDOWS KITS/8.1/INCLUDE/SHARED/IN6ADDR.H": [
        "_f5436c680e0b3c03363ffe5299df079b",
        true,
        false,
        "b3cfb733",
        "C:/Program Files (x86)/Windows Kits/8.1/Include/shared/in6addr.h"
    ],
    "C:/PROGRAM FILES (X86)/WINDOWS KITS/8.1/INCLUDE/UM/SYNCHAPI.H": [
        "_cfa48fc336af0f81186fcd7f752862c3",
        true,
        false,
        "e9bd9c6a",
        "C:/Program Files (x86)/Windows Kits/8.1/Include/um/synchapi.h"
    ],
    "C:/PROGRAM FILES (X86)/WINDOWS KITS/8.1/INCLUDE/UM/IPEXPORT.H": [
        "_5fd28b5cdede7cbdfd2f02dcb7591655",
        true,
        false,
        "a32f3e3a",
        "C:/Program Files (x86)/Windows Kits/8.1/Include/um/IPExport.h"
    ],
    "C:/PROGRAM FILES (X86)/WINDOWS KITS/8.1/INCLUDE/UM/BEMAPISET.H": [
        "_8eed94550963d3fe14cd88de0de84dbf",
        true,
        false,
        "b5e4a607",
        "C:/Program Files (x86)/Windows Kits/8.1/Include/um/bemapiset.h"
    ],
    "C:/PROGRAM FILES (X86)/WINDOWS KITS/8.1/INCLUDE/UM/WOW64APISET.H": [
        "_4fbf65659096e76b04a45f2d9260ab23",
        true,
        false,
        "16f34c2",
        "C:/Program Files (x86)/Windows Kits/8.1/Include/um/wow64apiset.h"
    ],
    "C:/PROGRAM FILES (X86)/WINDOWS KITS/8.1/INCLUDE/UM/D3D10EFFECT.H": [
        "_3c7dbad6447732a3682aba5f9e1d5802",
        true,
        false,
        "f8d66706",
        "C:/Program Files (x86)/Windows Kits/8.1/Include/um/d3d10effect.h"
    ],
    "C:/PROGRAM FILES (X86)/WINDOWS KITS/8.1/INCLUDE/UM/IPTYPES.H": [
        "_8e86301aa083d528a1cef36826312ddd",
        true,
        false,
        "22570112",
        "C:/Program Files (x86)/Windows Kits/8.1/Include/um/IPTypes.h"
    ],
    "C:/PROGRAM FILES (X86)/WINDOWS KITS/8.1/INCLUDE/UM/OBJECTARRAY.H": [
        "_09906e9a83422d2e23642cec51b44fe9",
        true,
        false,
        "de52ea0e",
        "C:/Program Files (x86)/Windows Kits/8.1/Include/um/ObjectArray.h"
    ],
    "C:/PROGRAM FILES (X86)/WINDOWS KITS/8.1/INCLUDE/UM/RICHEDIT.H": [
        "_8cad3e08581c385bc095342a76ac8ffd",
        true,
        false,
        "c595accf",
        "C:/Program Files (x86)/Windows Kits/8.1/Include/um/Richedit.h"
    ],
    "C:/PROGRAM FILES (X86)/WINDOWS KITS/8.1/INCLUDE/SHARED/KTMTYPES.H": [
        "_3120827d83c87345979a609b4a3315e0",
        true,
        false,
        "cf179948",
        "C:/Program Files (x86)/Windows Kits/8.1/Include/shared/ktmtypes.h"
    ],
    "C:/PROGRAM FILES (X86)/WINDOWS KITS/8.1/INCLUDE/UM/OLE2.H": [
        "_d3986dd907c1e49196cad82ead691a5c",
        true,
        false,
        "a1b383aa",
        "C:/Program Files (x86)/Windows Kits/8.1/Include/um/Ole2.h"
    ],
    "C:/PROGRAM FILES (X86)/WINDOWS KITS/8.1/INCLUDE/UM/SHLWAPI.H": [
        "_4dc8ba14bbb80d479045019ea1d38024",
        true,
        false,
        "f0ae7ebc",
        "C:/Program Files (x86)/Windows Kits/8.1/Include/um/Shlwapi.h"
    ],
    "C:/PROGRAM FILES (X86)/MICROSOFT VISUAL STUDIO 14.0/VC/ATLMFC/INCLUDE/AFXSTAT_.H": [
        "_6caa8bc67ec88f65dee15209275640c0",
        true,
        false,
        "8c7b0420",
        "C:/Program Files (x86)/Microsoft Visual Studio 14.0/VC/atlmfc/include/afxstat_.h"
    ],
    "C:/PROGRAM FILES (X86)/WINDOWS KITS/8.1/INCLUDE/UM/WINREG.H": [
        "_70b50b1436c31bb01a522f3fb80fff6d",
        true,
        false,
        "faab2bdb",
        "C:/Program Files (x86)/Windows Kits/8.1/Include/um/winreg.h"
    ],
    "C:/PROGRAM FILES (X86)/WINDOWS KITS/8.1/INCLUDE/UM/SHERRORS.H": [
        "_8d6a242af256b42cdee86eb33ac9f094",
        true,
        false,
        "c9d7d169",
        "C:/Program Files (x86)/Windows Kits/8.1/Include/um/sherrors.h"
    ],
    "C:/PROGRAM FILES (X86)/WINDOWS KITS/8.1/INCLUDE/SHARED/WTYPES.H": [
        "_6871359480d2c18091563422d816a403",
        true,
        false,
        "462cad1d",
        "C:/Program Files (x86)/Windows Kits/8.1/Include/shared/wtypes.h"
    ],
    "C:/PROGRAM FILES (X86)/MICROSOFT VISUAL STUDIO 14.0/VC/INCLUDE/VCRUNTIME_STRING.H": [
        "_5c36f720190eda34280c873b1c69fdac",
        true,
        false,
        "dcf6e7e6",
        "C:/Program Files (x86)/Microsoft Visual Studio 14.0/VC/include/vcruntime_string.h"
    ],
    "C:/PROGRAM FILES (X86)/WINDOWS KITS/10/INCLUDE/10.0.10240.0/UCRT/CORECRT_WSTRING.H": [
        "_2d923cbde24bb8f217fe09a5f7d88929",
        true,
        false,
        "6d018e4",
        "C:/Program Files (x86)/Windows Kits/10/Include/10.0.10240.0/ucrt/corecrt_wstring.h"
    ],
    "C:/PROGRAM FILES (X86)/WINDOWS KITS/8.1/INCLUDE/SHARED/INTSAFE.H": [
        "_c0b7269802343f2de6c704b1f33de0ef",
        true,
        false,
        "d1e077e6",
        "C:/Program Files (x86)/Windows Kits/8.1/Include/shared/intsafe.h"
    ],
    "D:/VPES_GIT/VPES_GIT/CUBE/CUBEVIEW.CPP": [
        "9c14cb25ccce65e094530495a3ed56e3",
        false,
        false,
        "6a2045a0",
        "D:/VPES_GIT/vpes_git/cube/Cubeview.cpp"
    ],
    "C:/PROGRAM FILES (X86)/WINDOWS KITS/10/INCLUDE/10.0.10240.0/UCRT/CORECRT_WPROCESS.H": [
        "_df7f31929180ebb767061b76560fc77d",
        true,
        false,
        "3359f079",
        "C:/Program Files (x86)/Windows Kits/10/Include/10.0.10240.0/ucrt/corecrt_wprocess.h"
    ],
    "C:/PROGRAM FILES (X86)/MICROSOFT VISUAL STUDIO 14.0/VC/ATLMFC/INCLUDE/CSTRINGT.H": [
        "_fe3b394ce2e6aba60d31e8b3540e911c",
        true,
        false,
        "cd89ef4b",
        "C:/Program Files (x86)/Microsoft Visual Studio 14.0/VC/atlmfc/include/cstringt.h"
    ],
    "C:/PROGRAM FILES (X86)/MICROSOFT VISUAL STUDIO 14.0/VC/ATLMFC/INCLUDE/AFXLAYOUT.H": [
        "_05d7e96422bc76e02591a25326b19779",
        true,
        false,
        "82e7008d",
        "C:/Program Files (x86)/Microsoft Visual Studio 14.0/VC/atlmfc/include/afxlayout.h"
    ],
    "C:/PROGRAM FILES (X86)/WINDOWS KITS/8.1/INCLUDE/UM/SHELLAPI.H": [
        "_ff161e45c7eacaa454359a817fb05cb6",
        true,
        false,
        "6cfc052a",
        "C:/Program Files (x86)/Windows Kits/8.1/Include/um/shellapi.h"
    ],
    "C:/PROGRAM FILES (X86)/MICROSOFT VISUAL STUDIO 14.0/VC/ATLMFC/INCLUDE/AFXDLGS.H": [
        "_83130ae47d6acc19673dabcd414b9503",
        true,
        false,
        "6ea523b4",
        "C:/Program Files (x86)/Microsoft Visual Studio 14.0/VC/atlmfc/include/afxdlgs.h"
    ],
    "C:/PROGRAM FILES (X86)/WINDOWS KITS/8.1/INCLUDE/SHARED/APISETCCONV.H": [
        "_4d27349fe03edd4b5d4ab3043aafd96a",
        true,
        false,
        "b9a67c2",
        "C:/Program Files (x86)/Windows Kits/8.1/Include/shared/apisetcconv.h"
    ],
    "C:/PROGRAM FILES (X86)/MICROSOFT VISUAL STUDIO 14.0/VC/ATLMFC/INCLUDE/AFXRENDERTARGET.H": [
        "_26142df1c1848ea5100f69af3293bcd5",
        true,
        false,
        "b20c28f8",
        "C:/Program Files (x86)/Microsoft Visual Studio 14.0/VC/atlmfc/include/afxrendertarget.h"
    ],
    "C:/PROGRAM FILES (X86)/WINDOWS KITS/10/INCLUDE/10.0.10240.0/UCRT/CORECRT_MEMCPY_S.H": [
        "_a5976652b404edddbda326ff9a9488a3",
        true,
        false,
        "bc1ed73f",
        "C:/Program Files (x86)/Windows Kits/10/Include/10.0.10240.0/ucrt/corecrt_memcpy_s.h"
    ],
    "C:/PROGRAM FILES (X86)/WINDOWS KITS/8.1/INCLUDE/SHARED/IPRTRMIB.H": [
        "_25c3509f1686fb4f8f544553bc776642",
        true,
        false,
        "62590bb0",
        "C:/Program Files (x86)/Windows Kits/8.1/Include/shared/Iprtrmib.h"
    ],
    "C:/PROGRAM FILES (X86)/WINDOWS KITS/8.1/INCLUDE/UM/SERVPROV.H": [
        "_064e0e12833e8e2ded2c82461da64a97",
        true,
        false,
        "f41edff9",
        "C:/Program Files (x86)/Windows Kits/8.1/Include/um/servprov.h"
    ],
    "C:/PROGRAM FILES (X86)/MICROSOFT VISUAL STUDIO 14.0/VC/ATLMFC/INCLUDE/ATLMEM.H": [
        "_70dd8e5e03a22321e4cde1c80f0f26c0",
        true,
        false,
        "cc416311",
        "C:/Program Files (x86)/Microsoft Visual Studio 14.0/VC/atlmfc/include/atlmem.h"
    ],
    "C:/PROGRAM FILES (X86)/WINDOWS KITS/8.1/INCLUDE/UM/D2DERR.H": [
        "_116ae299a9ce60ec163ce5fd94f330c9",
        true,
        false,
        "2bb77a07",
        "C:/Program Files (x86)/Windows Kits/8.1/Include/um/D2DErr.h"
    ],
    "C:/PROGRAM FILES (X86)/WINDOWS KITS/8.1/INCLUDE/SHARED/MINWINDEF.H": [
        "_eee06260f673cbe5ab4823159433dde0",
        true,
        false,
        "8e09aa80",
        "C:/Program Files (x86)/Windows Kits/8.1/Include/shared/minwindef.h"
    ],
    "C:/PROGRAM FILES (X86)/WINDOWS KITS/8.1/INCLUDE/UM/D3D10.H": [
        "_01daba93f00c6d4c3d89a9d8cebc9ee1",
        true,
        false,
        "a5cee0be",
        "C:/Program Files (x86)/Windows Kits/8.1/Include/um/d3d10.h"
    ],
    "C:/PROGRAM FILES (X86)/MICROSOFT VISUAL STUDIO 14.0/VC/ATLMFC/INCLUDE/ATLDEF.H": [
        "_a5e78a5326d6a03977bac2ab770cebf5",
        true,
        false,
        "10310f18",
        "C:/Program Files (x86)/Microsoft Visual Studio 14.0/VC/atlmfc/include/atldef.h"
    ],
    "C:/PROGRAM FILES (X86)/WINDOWS KITS/8.1/INCLUDE/UM/WINCODEC.H": [
        "_2b539e9e6023a7c2ef61741c39a68226",
        true,
        false,
        "6e456f79",
        "C:/Program Files (x86)/Windows Kits/8.1/Include/um/wincodec.h"
    ],
    "D:/VPES_GIT/VPES_GIT/CUBE/MAINFRM.CPP": [
        "1b928add4aa7a2c7f903ea08575c10b5",
        false,
        false,
        "ae7e3057",
        "D:/VPES_GIT/vpes_git/cube/Mainfrm.cpp"
    ],
    "C:/PROGRAM FILES (X86)/WINDOWS KITS/8.1/INCLUDE/UM/FILEAPI.H": [
        "_2e307ab2fa9647e2e48389b359076c80",
        true,
        false,
        "1c69696b",
        "C:/Program Files (x86)/Windows Kits/8.1/Include/um/fileapi.h"
    ],
    "C:/PROGRAM FILES (X86)/WINDOWS KITS/10/INCLUDE/10.0.10240.0/UCRT/CORECRT_STARTUP.H": [
        "_1979050c1efc4a6794c789d039b95e2e",
        true,
        false,
        "314cc788",
        "C:/Program Files (x86)/Windows Kits/10/Include/10.0.10240.0/ucrt/corecrt_startup.h"
    ],
    "C:/PROGRAM FILES (X86)/WINDOWS KITS/8.1/INCLUDE/UM/CONSOLEAPI.H": [
        "_a27f6c641108690fd537d9146d94c49d",
        true,
        false,
        "272763b4",
        "C:/Program Files (x86)/Windows Kits/8.1/Include/um/consoleapi.h"
    ],
    "C:/PROGRAM FILES (X86)/WINDOWS KITS/8.1/INCLUDE/UM/OBJBASE.H": [
        "_2686c065189d4bb8892c13801a5fba55",
        true,
        false,
        "e4bb2b58",
        "C:/Program Files (x86)/Windows Kits/8.1/Include/um/objbase.h"
    ],
    "C:/PROGRAM FILES (X86)/WINDOWS KITS/8.1/INCLUDE/UM/PROCESSENV.H": [
        "_d9f9f1e6e1cfa71280eebb8c7c353201",
        true,
        false,
        "e8bc2f73",
        "C:/Program Files (x86)/Windows Kits/8.1/Include/um/processenv.h"
    ],
    "C:/PROGRAM FILES (X86)/WINDOWS KITS/10/INCLUDE/10.0.10240.0/UCRT/CORECRT.H": [
        "_c18832d918808d40b4664a51a8824a51",
        true,
        false,
        "1d458656",
        "C:/Program Files (x86)/Windows Kits/10/Include/10.0.10240.0/ucrt/corecrt.h"
    ],
    "C:/PROGRAM FILES (X86)/MICROSOFT VISUAL STUDIO 14.0/VC/ATLMFC/INCLUDE/ATLSIMPSTR.H": [
        "_d32230d0bd307a5c25cec947c5e8229e",
        true,
        false,
        "2277001f",
        "C:/Program Files (x86)/Microsoft Visual Studio 14.0/VC/atlmfc/include/atlsimpstr.h"
    ],
    "C:/PROGRAM FILES (X86)/WINDOWS KITS/8.1/INCLUDE/SHARED/POPPACK.H": [
        "_e7bf5ffe256f4018589918df06219392",
        true,
        false,
        "73c39697",
        "C:/Program Files (x86)/Windows Kits/8.1/Include/shared/poppack.h"
    ],
    "C:/PROGRAM FILES (X86)/WINDOWS KITS/8.1/INCLUDE/SHARED/PSHPACK8.H": [
        "_5266a1ef2e2e5710f8407cc3143bb61a",
        true,
        false,
        "42e65e06",
        "C:/Program Files (x86)/Windows Kits/8.1/Include/shared/pshpack8.h"
    ],
    "C:/PROGRAM FILES (X86)/WINDOWS KITS/8.1/INCLUDE/SHARED/INADDR.H": [
        "_97ad2438ee6e3ee6dd3a12e78f9542bd",
        true,
        false,
        "4f6dc447",
        "C:/Program Files (x86)/Windows Kits/8.1/Include/shared/inaddr.h"
    ],
    "C:/PROGRAM FILES (X86)/WINDOWS KITS/10/INCLUDE/10.0.10240.0/UCRT/PROCESS.H": [
        "_7355fe754a0ad9ef6014b1534a16848a",
        true,
        false,
        "ebdbab6d",
        "C:/Program Files (x86)/Windows Kits/10/Include/10.0.10240.0/ucrt/process.h"
    ],
    "C:/PROGRAM FILES (X86)/WINDOWS KITS/8.1/INCLUDE/SHARED/DXGITYPE.H": [
        "_a7f6bb6c38d642236696e8c20d2956c7",
        true,
        false,
        "a4e5282e",
        "C:/Program Files (x86)/Windows Kits/8.1/Include/shared/dxgitype.h"
    ],
    "C:/PROGRAM FILES (X86)/WINDOWS KITS/8.1/INCLUDE/UM/PROCESSTOPOLOGYAPI.H": [
        "_ecb51e2147fc84bb7a5d821cda736d99",
        true,
        false,
        "b6c30ad3",
        "C:/Program Files (x86)/Windows Kits/8.1/Include/um/processtopologyapi.h"
    ],
    "C:/PROGRAM FILES (X86)/WINDOWS KITS/8.1/INCLUDE/UM/DCOMPANIMATION.H": [
        "_012739bf89b9c4a983c603743065c02b",
        true,
        false,
        "760d0f6f",
        "C:/Program Files (x86)/Windows Kits/8.1/Include/um/dcompanimation.h"
    ],
    "C:/PROGRAM FILES (X86)/WINDOWS KITS/8.1/INCLUDE/UM/SHOBJIDL.H": [
        "_d4b81c1ac754455ee19ef83926ee3d1e",
        true,
        false,
        "d3a3f556",
        "C:/Program Files (x86)/Windows Kits/8.1/Include/um/ShObjIdl.h"
    ],
    "C:/PROGRAM FILES (X86)/WINDOWS KITS/8.1/INCLUDE/UM/D3D10MISC.H": [
        "_4dfdd446cc46e8645fbe2819dc98a25a",
        true,
        false,
        "67c1675b",
        "C:/Program Files (x86)/Windows Kits/8.1/Include/um/d3d10misc.h"
    ],
    "C:/PROGRAM FILES (X86)/WINDOWS KITS/8.1/INCLUDE/SHARED/DXGIFORMAT.H": [
        "_004009e35f4e3c88cbaa8304e5249da4",
        true,
        false,
        "951639ad",
        "C:/Program Files (x86)/Windows Kits/8.1/Include/shared/dxgiformat.h"
    ],
    "C:/PROGRAM FILES (X86)/MICROSOFT VISUAL STUDIO 14.0/VC/INCLUDE/INTRIN.H": [
        "_1b9b3e84c5d360d46d344f5f10f2cdf0",
        true,
        false,
        "d6484d8a",
        "C:/Program Files (x86)/Microsoft Visual Studio 14.0/VC/include/intrin.h"
    ],
    "D:/VPES_GIT/VPES_GIT/CUBE/STDAFX.H": [
        "953e70ddfec321f74080dabcc4cf38bf",
        false,
        false,
        "773e97eb",
        "D:/VPES_GIT/vpes_git/cube/stdafx.h"
    ],
    "C:/PROGRAM FILES (X86)/MICROSOFT VISUAL STUDIO 14.0/VC/INCLUDE/VCRUNTIME.H": [
        "_70f6d71b7615fc31611118aaa55f403d",
        true,
        false,
        "224ba975",
        "C:/Program Files (x86)/Microsoft Visual Studio 14.0/VC/include/vcruntime.h"
    ],
    "C:/PROGRAM FILES (X86)/WINDOWS KITS/10/INCLUDE/10.0.10240.0/UCRT/SYS/TYPES.H": [
        "_99a3e440e757aabe0725f4cabd9b06f0",
        true,
        false,
        "799c5f3d",
        "C:/Program Files (x86)/Windows Kits/10/Include/10.0.10240.0/ucrt/sys/types.h"
    ],
    "D:/VPES_GIT/VPES_GIT/CUBE/MAINFRM.H": [
        "7c3fc84bc657820d068270a5554cb99d",
        false,
        false,
        "f7b72186",
        "D:/VPES_GIT/vpes_git/cube/mainfrm.h"
    ],
    "C:/PROGRAM FILES (X86)/WINDOWS KITS/8.1/INCLUDE/SHARED/IFDEF.H": [
        "_cf400aa6d5747ea75a71c7aa7065bb22",
        true,
        false,
        "5d8c631b",
        "C:/Program Files (x86)/Windows Kits/8.1/Include/shared/ifdef.h"
    ],
    "C:/PROGRAM FILES (X86)/WINDOWS KITS/8.1/INCLUDE/UM/COMCAT.H": [
        "_7807493bf4bf425cff6d3a3315be36f6",
        true,
        false,
        "404a506",
        "C:/Program Files (x86)/Windows Kits/8.1/Include/um/comcat.h"
    ],
    "C:/PROGRAM FILES (X86)/WINDOWS KITS/8.1/INCLUDE/UM/UXTHEME.H": [
        "_d1f804b9cbfbeed241f09d045aad58b9",
        true,
        false,
        "f165d390",
        "C:/Program Files (x86)/Windows Kits/8.1/Include/um/Uxtheme.h"
    ],
    "C:/PROGRAM FILES (X86)/WINDOWS KITS/8.1/INCLUDE/UM/RPCNSIP.H": [
        "_fee98615ed89abc70988fbe3b532b058",
        true,
        false,
        "fa20d56e",
        "C:/Program Files (x86)/Windows Kits/8.1/Include/um/rpcnsip.h"
    ],
    "C:/PROGRAM FILES (X86)/WINDOWS KITS/8.1/INCLUDE/UM/THUMBCACHE.H": [
        "_dfe70a2fa012970715a6f86bbbabf3e6",
        true,
        false,
        "8397f42",
        "C:/Program Files (x86)/Windows Kits/8.1/Include/um/thumbcache.h"
    ],
    "C:/PROGRAM FILES (X86)/MICROSOFT VISUAL STUDIO 14.0/VC/ATLMFC/INCLUDE/ATLSTR.H": [
        "_8d489a5d8e029393f320cb61f7ce2f95",
        true,
        false,
        "d77e3429",
        "C:/Program Files (x86)/Microsoft Visual Studio 14.0/VC/atlmfc/include/atlstr.h"
    ],
    "C:/PROGRAM FILES (X86)/MICROSOFT VISUAL STUDIO 14.0/VC/ATLMFC/INCLUDE/AFXCTRLCONTAINER.H": [
        "_c21e60438cb9d70b1426f2c96c6085bc",
        true,
        false,
        "83b29126",
        "C:/Program Files (x86)/Microsoft Visual Studio 14.0/VC/atlmfc/include/afxctrlcontainer.h"
    ],
    "C:/PROGRAM FILES (X86)/WINDOWS KITS/8.1/INCLUDE/UM/THREADPOOLAPISET.H": [
        "_1ee4296785b4512524d7abd96f8cda3a",
        true,
        false,
        "61f89e44",
        "C:/Program Files (x86)/Windows Kits/8.1/Include/um/threadpoolapiset.h"
    ],
    "C:/PROGRAM FILES (X86)/WINDOWS KITS/8.1/INCLUDE/UM/WINBASE.H": [
        "_3bf8cf2dcb67e7e5be302d0734947b11",
        true,
        false,
        "ca292ee8",
        "C:/Program Files (x86)/Windows Kits/8.1/Include/um/WinBase.h"
    ],
    "C:/PROGRAM FILES (X86)/WINDOWS KITS/8.1/INCLUDE/SHARED/RPCDCE.H": [
        "_1834f0210608a15a3432ed448e22b25c",
        true,
        false,
        "f5c6bd13",
        "C:/Program Files (x86)/Windows Kits/8.1/Include/shared/rpcdce.h"
    ],
    "C:/PROGRAM FILES (X86)/WINDOWS KITS/8.1/INCLUDE/SHARED/WINAPIFAMILY.H": [
        "_8118fa8f46b8e3c87648214c0e50771d",
        true,
        false,
        "5ddfa189",
        "C:/Program Files (x86)/Windows Kits/8.1/Include/shared/winapifamily.h"
    ],
    "C:/PROGRAM FILES (X86)/WINDOWS KITS/8.1/INCLUDE/UM/PROPIDL.H": [
        "_03dce76e8df304751171cad9d74b0bf7",
        true,
        false,
        "2f667ac4",
        "C:/Program Files (x86)/Windows Kits/8.1/Include/um/PropIdl.h"
    ],
    "C:/PROGRAM FILES (X86)/WINDOWS KITS/8.1/INCLUDE/UM/WINVER.H": [
        "_f61ce548786a20959eabf37da2184bf7",
        true,
        false,
        "5a9e3899",
        "C:/Program Files (x86)/Windows Kits/8.1/Include/um/winver.h"
    ],
    "C:/PROGRAM FILES (X86)/WINDOWS KITS/8.1/INCLUDE/UM/DCOMMON.H": [
        "_08f4372c187abce1da4e69e4ea3a7b95",
        true,
        false,
        "c2da7de8",
        "C:/Program Files (x86)/Windows Kits/8.1/Include/um/dcommon.h"
    ],
    "C:/PROGRAM FILES (X86)/WINDOWS KITS/8.1/INCLUDE/SHARED/WINDEF.H": [
        "_812462173442530c356fabc5640a9d87",
        true,
        false,
        "be7cdee5",
        "C:/Program Files (x86)/Windows Kits/8.1/Include/shared/windef.h"
    ],
    "C:/PROGRAM FILES (X86)/MICROSOFT VISUAL STUDIO 14.0/VC/INCLUDE/VCRUNTIME_NEW_DEBUG.H": [
        "_78ae0e828a761100d01b708c2654bab0",
        true,
        false,
        "b3c8a9eb",
        "C:/Program Files (x86)/Microsoft Visual Studio 14.0/VC/include/vcruntime_new_debug.h"
    ],
    "C:/PROGRAM FILES (X86)/WINDOWS KITS/10/INCLUDE/10.0.10240.0/UCRT/STRING.H": [
        "_377e41f4dae6f93ea819b4efcf229f08",
        true,
        false,
        "3c932317",
        "C:/Program Files (x86)/Windows Kits/10/Include/10.0.10240.0/ucrt/string.h"
    ],
    "C:/PROGRAM FILES (X86)/WINDOWS KITS/8.1/INCLUDE/UM/IOAPISET.H": [
        "_d301d39f5e08854913d2c9d42ba135b4",
        true,
        false,
        "dfa8a30",
        "C:/Program Files (x86)/Windows Kits/8.1/Include/um/ioapiset.h"
    ],
    "C:/PROGRAM FILES (X86)/WINDOWS KITS/8.1/INCLUDE/UM/OLEIDL.H": [
        "_e48170fe3db393e4e886fed36b618fe2",
        true,
        false,
        "b1e769c5",
        "C:/Program Files (x86)/Windows Kits/8.1/Include/um/oleidl.h"
    ],
    "C:/PROGRAM FILES (X86)/WINDOWS KITS/8.1/INCLUDE/UM/NAMEDPIPEAPI.H": [
        "_1e3cbe8be45cef2062cc3297568e745e",
        true,
        false,
        "db21d893",
        "C:/Program Files (x86)/Windows Kits/8.1/Include/um/namedpipeapi.h"
    ],
    "C:/PROGRAM FILES (X86)/WINDOWS KITS/8.1/INCLUDE/UM/TPCSHRD.H": [
        "_a1b5085b96c87979a7de79882ba04cca",
        true,
        false,
        "1454ce95",
        "C:/Program Files (x86)/Windows Kits/8.1/Include/um/tpcshrd.h"
    ],
    "C:/PROGRAM FILES (X86)/WINDOWS KITS/8.1/INCLUDE/SHARED/SDV_DRIVERSPECS.H": [
        "_3ccf888d9a391f8d541478a07b52356c",
        true,
        false,
        "73172a3b",
        "C:/Program Files (x86)/Windows Kits/8.1/Include/shared/sdv_driverspecs.h"
    ],
    "C:/PROGRAM FILES (X86)/WINDOWS KITS/8.1/INCLUDE/SHARED/LMCONS.H": [
        "_98bc9c6d95b08464673f777c8e87afc8",
        true,
        false,
        "ab343ce0",
        "C:/Program Files (x86)/Windows Kits/8.1/Include/shared/lmcons.h"
    ],
    "C:/PROGRAM FILES (X86)/MICROSOFT VISUAL STUDIO 14.0/VC/INCLUDE/CONCURRENCYSAL.H": [
        "_cf7c28041ac710f2f4e8e03184ceb03a",
        true,
        false,
        "7eb917ce",
        "C:/Program Files (x86)/Microsoft Visual Studio 14.0/VC/include/ConcurrencySal.h"
    ],
    "C:/PROGRAM FILES (X86)/MICROSOFT VISUAL STUDIO 14.0/VC/INCLUDE/STDARG.H": [
        "_e997beccb68b88a6f5505fc00496eabe",
        true,
        false,
        "b979817a",
        "C:/Program Files (x86)/Microsoft Visual Studio 14.0/VC/include/stdarg.h"
    ],
    "C:/PROGRAM FILES (X86)/WINDOWS KITS/8.1/INCLUDE/SHARED/PSHPACK4.H": [
        "_db318729bfb9c44ddcc205c3498f1a1c",
        true,
        false,
        "2a853357",
        "C:/Program Files (x86)/Windows Kits/8.1/Include/shared/pshpack4.h"
    ],
    "C:/PROGRAM FILES (X86)/WINDOWS KITS/8.1/INCLUDE/UM/SECURITYAPPCONTAINER.H": [
        "_8c0707e93fe6f4249a8c74b69c141eff",
        true,
        false,
        "ff9c990a",
        "C:/Program Files (x86)/Windows Kits/8.1/Include/um/securityappcontainer.h"
    ],
    "C:/PROGRAM FILES (X86)/WINDOWS KITS/8.1/INCLUDE/UM/COMBASEAPI.H": [
        "_11af4962af3db979c6d1492cd014ef2a",
        true,
        false,
        "92c06c95",
        "C:/Program Files (x86)/Windows Kits/8.1/Include/um/combaseapi.h"
    ],
    "C:/PROGRAM FILES (X86)/WINDOWS KITS/8.1/INCLUDE/SHARED/PACKON.H": [
        "_b111a97cd3ed95ec9f995401abc07cc9",
        true,
        false,
        "74584f0f",
        "C:/Program Files (x86)/Windows Kits/8.1/Include/shared/packon.h"
    ],
    "C:/PROGRAM FILES (X86)/WINDOWS KITS/8.1/INCLUDE/UM/DOCOBJ.H": [
        "_3edfb9b884ed45a748055554d0e44cf8",
        true,
        false,
        "a0bd148c",
        "C:/Program Files (x86)/Windows Kits/8.1/Include/um/DocObj.h"
    ]
}