[{"startLine":-1,"startCol":0,"endLine":-1,"endCol":-1,"severity":3,"suppressionHash":6748652780477621893,"sourceHash":"4fc44a6b5c80031fef6eaa7f287a8110","ruleSet":"All rules","rule":"S1220","path":"src/main/java/Main.java","message":"Move this file to a named package.","eventGroup":[]},{"startLine":-1,"startCol":0,"endLine":-1,"endCol":-1,"severity":3,"suppressionHash":5333640870902514377,"ruleSet":"All rules","rule":"S1228","message":"Add a \u0027package-info.java\u0027 file to document the \u0027src\\main\\java\u0027 package","eventGroup":[]},{"startLine":2,"startCol":1,"endLine":2,"endCol":44,"severity":3,"suppressionHash":5832710857290852274,"sourceHash":"4fc44a6b5c80031fef6eaa7f287a8110","ruleSet":"All rules","rule":"S1120","path":"src/main/java/Main.java","message":"Make this line start after 2 spaces to indent the code consistently.","eventGroup":[]},{"startLine":3,"startCol":1,"endLine":3,"endCol":52,"severity":3,"suppressionHash":-3162743261000178471,"sourceHash":"4fc44a6b5c80031fef6eaa7f287a8110","ruleSet":"All rules","rule":"S1120","path":"src/main/java/Main.java","message":"Make this line start after 4 spaces to indent the code consistently.","eventGroup":[]},{"startLine":1,"startCol":19,"endLine":1,"endCol":19,"severity":3,"suppressionHash":-2503866304196924353,"sourceHash":"4fc44a6b5c80031fef6eaa7f287a8110","ruleSet":"All rules","rule":"S1106","path":"src/main/java/Main.java","message":"Move this left curly brace to the beginning of next line of code.","eventGroup":[]},{"startLine":2,"startCol":44,"endLine":2,"endCol":44,"severity":3,"suppressionHash":4708516476811392101,"sourceHash":"4fc44a6b5c80031fef6eaa7f287a8110","ruleSet":"All rules","rule":"S1106","path":"src/main/java/Main.java","message":"Move this left curly brace to the beginning of next line of code.","eventGroup":[]},{"startLine":-1,"startCol":0,"endLine":-1,"endCol":-1,"severity":0,"suppressionHash":-1797180808573709685,"sourceHash":"4fc44a6b5c80031fef6eaa7f287a8110","ruleSet":"All rules","rule":"S1451","path":"src/main/java/Main.java","message":"Add or update the header of this file.","eventGroup":[]},{"startLine":1,"startCol":1,"endLine":1,"endCol":19,"severity":3,"suppressionHash":9052664509893134088,"sourceHash":"4fc44a6b5c80031fef6eaa7f287a8110","ruleSet":"All rules","rule":"STJ0011","path":"src/main/java/Main.java","message":"It should start with a C-style comment.","eventGroup":[]},{"startLine":3,"startCol":9,"endLine":3,"endCol":18,"severity":2,"suppressionHash":-6011735554276461043,"sourceHash":"4fc44a6b5c80031fef6eaa7f287a8110","ruleSet":"All rules","rule":"S106","path":"src/main/java/Main.java","message":"Replace this use of System.out or System.err by a logger.","eventGroup":[]},{"startLine":8,"startCol":5,"endLine":8,"endCol":41,"severity":3,"suppressionHash":3946738355586315225,"sourceHash":"6203f350010f61fdb07e08a524a6c24c","ruleSet":"All rules","rule":"S3420","path":"pom.xml","message":"Update this \"artifactId\" to match the provided regular expression: \u0027[a-z][a-z-0-9]+\u0027","eventGroup":[]},{"startLine":7,"startCol":5,"endLine":7,"endCol":29,"severity":3,"suppressionHash":6737461990461064290,"sourceHash":"6203f350010f61fdb07e08a524a6c24c","ruleSet":"All rules","rule":"S3419","path":"pom.xml","message":"Update this \"groupId\" to match the provided regular expression: \u0027(com|org)(\\.[a-z][a-z-0-9]*)+\u0027","eventGroup":[]}]