{
    "D:/VPES_GIT/VPES_GIT/SPECFILE한글/HEADER/HEADER11.H": [
        "af05d11d23d4fbeb017dc17b4ca013f1",
        false,
        false,
        "b13789f3",
        "D:/VPES_GIT/vpes_git/specfile한글/header/header11.h"
    ],
    "D:/VPES_GIT/VPES_GIT/SPECFILE한글/HEADER/HEADER304.H": [
        "893ee843968000d9fe0498c9b2be1784",
        false,
        false,
        "f8384a8f",
        "D:/VPES_GIT/vpes_git/specfile한글/header/header304.h"
    ],
    "D:/VPES_GIT/VPES_GIT/SPECFILE한글/HEADER/HEADER100.H": [
        "7429d45daeb8cc23c6f92723c9c04679",
        false,
        false,
        "63844217",
        "D:/VPES_GIT/vpes_git/specfile한글/header/header100.h"
    ],
    "C:/MINGW/INCLUDE/FEATURES.H": [
        "_f2494e8fe3b30511f08490f6112e21b7",
        true,
        false,
        "7059832d",
        "C:/mingw/include/features.h"
    ],
    "D:/VPES_GIT/VPES_GIT/SPECFILE한글/SRC/MODULE6/SRC41.C": [
        "12dc625306af2fceb098fe203e8f59e3",
        false,
        false,
        "e19be038",
        "D:/VPES_GIT/vpes_git/specfile한글/src/module6/src41.c"
    ],
    "D:/VPES_GIT/VPES_GIT/SPECFILE한글/SRC/MODULE2/SRC10.C": [
        "d56756c8beda9317aba47bab7a8da301",
        false,
        false,
        "8affd11d",
        "D:/VPES_GIT/vpes_git/specfile한글/src/module2/src10.c"
    ],
    "D:/VPES_GIT/VPES_GIT/SPECFILE한글/HEADER/HEADER7.H": [
        "0cceb066bbd18b7f4440575aa0be113a",
        false,
        false,
        "79c6f0a8",
        "D:/VPES_GIT/vpes_git/specfile한글/header/header7.h"
    ],
    "C:/MINGW/LIB/GCC/MINGW32/9.2.0/INCLUDE/STDARG.H": [
        "_7d27c4000125d0a4f54cb35941b9fc6b",
        true,
        false,
        "6aadee5f",
        "C:/mingw/lib/gcc/mingw32/9.2.0/include/stdarg.h"
    ],
    "D:/VPES_GIT/VPES_GIT/SPECFILE한글/SRC/MODULE2/SRC7.C": [
        "d41bb8296fd78790995537363c5a8b71",
        false,
        false,
        "bd04b231",
        "D:/VPES_GIT/vpes_git/specfile한글/src/module2/src7.c"
    ],
    "D:/VPES_GIT/VPES_GIT/SPECFILE한글/SRC/MODULE5/SRC33.C": [
        "8c5e1d5a94f94c4f348062d547083032",
        false,
        false,
        "4c6b02af",
        "D:/VPES_GIT/vpes_git/specfile한글/src/module5/src33.c"
    ],
    "D:/VPES_GIT/VPES_GIT/SPECFILE한글/SRC/MODULE2/SRC6.C": [
        "d50fdbb2a210f915ae1fb7da282b0611",
        false,
        false,
        "a5b196fe",
        "D:/VPES_GIT/vpes_git/specfile한글/src/module2/src6.c"
    ],
    "D:/VPES_GIT/VPES_GIT/SPECFILE한글/.STATICDATA/PREINCLUDE/RECENT_PREINCLUDE_CPP.H": [
        "671db7da616e01bcf40029ff0c4f4114_",
        false,
        true,
        "cb201cdc",
        "D:/VPES_GIT/vpes_git/specfile한글/.staticdata/preinclude/recent_preinclude_cpp.h"
    ],
    "D:/VPES_GIT/VPES_GIT/SPECFILE한글/SRC/CPP/STUDY_SAMPLE.C": [
        "c58929a7b8dc750dcd065437271a555f",
        false,
        false,
        "4d277ecd",
        "D:/VPES_GIT/vpes_git/specfile한글/src/cpp/study_sample.c"
    ],
    "C:/MINGW/INCLUDE/W32API.H": [
        "_41f70a3d5b9dec2e7381bcd7d9e789d6",
        true,
        false,
        "60964c3",
        "C:/mingw/include/w32api.h"
    ],
    "D:/VPES_GIT/VPES_GIT/SPECFILE한글/SRC/MODULE3/SRC11.C": [
        "6802823c8ac30840077e046355c3623c",
        false,
        false,
        "9937ea41",
        "D:/VPES_GIT/vpes_git/specfile한글/src/module3/src11.c"
    ],
    "D:/VPES_GIT/VPES_GIT/SPECFILE한글/SRC/MODULE4/SRC20.C": [
        "e1ef0e24a0780d0a8c091d8ff6bd0bee",
        false,
        false,
        "2dacaf31",
        "D:/VPES_GIT/vpes_git/specfile한글/src/module4/src20.c"
    ],
    "D:/VPES_GIT/VPES_GIT/SPECFILE한글/SRC/MODULE6/SRC42.C": [
        "6985019d505d25e374bfa885f9d073bc",
        false,
        false,
        "de758990",
        "D:/VPES_GIT/vpes_git/specfile한글/src/module6/src42.c"
    ],
    "D:/VPES_GIT/VPES_GIT/SPECFILE한글/SRC/MODULE4/SRC181.C": [
        "837ba0de425d697ef6df48c8f2d34e86",
        false,
        false,
        "14be0bfd",
        "D:/VPES_GIT/vpes_git/specfile한글/src/module4/src181.c"
    ],
    "D:/VPES_GIT/VPES_GIT/SPECFILE한글/HEADER/HEADER204.H": [
        "fae5514b33977820ae1066a2289a213c",
        false,
        false,
        "59981e4b",
        "D:/VPES_GIT/vpes_git/specfile한글/header/header204.h"
    ],
    "D:/VPES_GIT/VPES_GIT/SPECFILE한글/HEADER/HEADER12.H": [
        "88468921fa07ac4d9ff07613172baaa3",
        false,
        false,
        "61de37e3",
        "D:/VPES_GIT/vpes_git/specfile한글/header/header12.h"
    ],
    "D:/VPES_GIT/VPES_GIT/SPECFILE한글/.STATICDATA/PREINCLUDE/RECENT_PREINCLUDE_C.H": [
        "306227024c018cd03aca28832762ed44_",
        false,
        true,
        "dae7ffb3",
        "D:/VPES_GIT/vpes_git/specfile한글/.staticdata/preinclude/recent_preinclude_c.h"
    ],
    "D:/VPES_GIT/VPES_GIT/SPECFILE한글/SRC/MODULE5/SRC31.C": [
        "81b5d2873f021414d4ca928b21b35be8",
        false,
        false,
        "3ce46773",
        "D:/VPES_GIT/vpes_git/specfile한글/src/module5/src31.c"
    ],
    "D:/VPES_GIT/VPES_GIT/SPECFILE한글/SRC/MODULE2/SRC8.C": [
        "c13b80d9ddd835829736c64fee977bb0",
        false,
        false,
        "33a66a24",
        "D:/VPES_GIT/vpes_git/specfile한글/src/module2/src8.c"
    ],
    "C:/MINGW/INCLUDE/MSVCRTVER.H": [
        "_ddb30e8cfd3bcdfaae36fa5156ef47c3",
        true,
        false,
        "4970864",
        "C:/mingw/include/msvcrtver.h"
    ],
    "C:/MINGW/LIB/GCC/MINGW32/9.2.0/INCLUDE/STDDEF.H": [
        "_6c2f8c538b0427e4a1e2dd9a64369f49",
        true,
        false,
        "e6919282",
        "C:/mingw/lib/gcc/mingw32/9.2.0/include/stddef.h"
    ],
    "C:/MINGW/INCLUDE/STDIO.H": [
        "_61a42cd3d15927e55a8e5db662094e0c",
        true,
        false,
        "edb0231a",
        "C:/mingw/include/stdio.h"
    ],
    "D:/VPES_GIT/VPES_GIT/SPECFILE한글/SRC/MODULE7/SRC51.C": [
        "b222c5e1bc01ca4b0c2455317a78cc54",
        false,
        false,
        "1c619f3e",
        "D:/VPES_GIT/vpes_git/specfile한글/src/module7/src51.c"
    ],
    "D:/VPES_GIT/VPES_GIT/SPECFILE한글/HEADER/HEADER302.H": [
        "f0f519cc0d88c86c0a5aab7091d22e3b",
        false,
        false,
        "17cbbd56",
        "D:/VPES_GIT/vpes_git/specfile한글/header/header302.h"
    ],
    "D:/VPES_GIT/VPES_GIT/SPECFILE한글/HEADER/HEADER200.H": [
        "aa9e574365fa776ec224533516651634",
        false,
        false,
        "5a15b91a",
        "D:/VPES_GIT/vpes_git/specfile한글/header/header200.h"
    ],
    "D:/VPES_GIT/VPES_GIT/SPECFILE한글/HEADER/HEADER102.H": [
        "5dff6a1e9139476524b934bf65f41e44",
        false,
        false,
        "8ffa129f",
        "D:/VPES_GIT/vpes_git/specfile한글/header/header102.h"
    ],
    "D:/VPES_GIT/VPES_GIT/SPECFILE한글/SRC/MODULE6/SRC40.C": [
        "4e7851f82fea7a0503f265361628ed23",
        false,
        false,
        "2a65f23c",
        "D:/VPES_GIT/vpes_git/specfile한글/src/module6/src40.c"
    ],
    "D:/VPES_GIT/VPES_GIT/SPECFILE한글/HEADER/HEADER15.H": [
        "97f80f3c4a8615790bcc26568d9e7e32",
        false,
        false,
        "e20bda4d",
        "D:/VPES_GIT/vpes_git/specfile한글/header/header15.h"
    ],
    "D:/VPES_GIT/VPES_GIT/SPECFILE한글/HEADER/HEADER13.H": [
        "6aa9872f03526b78e4d57d0f391d5445",
        false,
        false,
        "98a9a02c",
        "D:/VPES_GIT/vpes_git/specfile한글/header/header13.h"
    ],
    "C:/MINGW/LIB/GCC/MINGW32/9.2.0/INCLUDE/C++/STDLIB.H": [
        "_4cd0241d66f1b357b386fcd60bc71b0f",
        true,
        false,
        "65fb199b",
        "C:/mingw/lib/gcc/mingw32/9.2.0/include/c++/stdlib.h"
    ],
    "D:/VPES_GIT/VPES_GIT/SPECFILE한글/HEADER/HEADER20.H": [
        "d940efbd35c3f30e9445b537491f7825",
        false,
        false,
        "5527e7e6",
        "D:/VPES_GIT/vpes_git/specfile한글/header/header20.h"
    ],
    "D:/VPES_GIT/VPES_GIT/SPECFILE한글/HEADER/HEADER303.H": [
        "7b680a5f97e05d84a71f64cf204fba93",
        false,
        false,
        "61f49512",
        "D:/VPES_GIT/vpes_git/specfile한글/header/header303.h"
    ],
    "D:/VPES_GIT/VPES_GIT/SPECFILE한글/SRC/MODULE4/SRC17.C": [
        "0e4869ca24cc3ba59018bc49960cad6d",
        false,
        false,
        "f1877189",
        "D:/VPES_GIT/vpes_git/specfile한글/src/module4/src17.c"
    ],
    "D:/VPES_GIT/VPES_GIT/SPECFILE한글/HEADER/HEADER104.H": [
        "c7eac518448067fa7797d69c79a932f2",
        false,
        false,
        "6009e546",
        "D:/VPES_GIT/vpes_git/specfile한글/header/header104.h"
    ],
    "D:/VPES_GIT/VPES_GIT/SPECFILE한글/HEADER/HEADER19.H": [
        "83e3a8a8ac69fc398e30274f04176b99",
        false,
        false,
        "174f2e8f",
        "D:/VPES_GIT/vpes_git/specfile한글/header/header19.h"
    ],
    "D:/VPES_GIT/VPES_GIT/SPECFILE한글/SRC/MODULE5/SRC30.C": [
        "1cab3be5cacf5d9e3a66dea2da25b9a7",
        false,
        false,
        "f71a7577",
        "D:/VPES_GIT/vpes_git/specfile한글/src/module5/src30.c"
    ],
    "D:/VPES_GIT/VPES_GIT/SPECFILE한글/SRC/MODULE7/SRC52.C": [
        "d198cf0735f759f63035dea428afdf32",
        false,
        false,
        "238ff696",
        "D:/VPES_GIT/vpes_git/specfile한글/src/module7/src52.c"
    ],
    "D:/VPES_GIT/VPES_GIT/SPECFILE한글/HEADER/HEADER10.H": [
        "e33c28273367e279ef7efc0eac403f87",
        false,
        false,
        "48401e3c",
        "D:/VPES_GIT/vpes_git/specfile한글/header/header10.h"
    ],
    "D:/VPES_GIT/VPES_GIT/SPECFILE한글/HEADER/HEADER9.H": [
        "86e56b5cd083452cce27de62a5a81cae",
        false,
        false,
        "b81df727",
        "D:/VPES_GIT/vpes_git/specfile한글/header/header9.h"
    ],
    "D:/VPES_GIT/VPES_GIT/SPECFILE한글/HEADER/HEADER202.H": [
        "9fa3414befe76f73d9c39911f7cf97aa",
        false,
        false,
        "b66be992",
        "D:/VPES_GIT/vpes_git/specfile한글/header/header202.h"
    ],
    "D:/VPES_GIT/VPES_GIT/SPECFILE한글/HEADER/HEADER2.H": [
        "24b6b0dec05ce9e2b1787d8a5c893388",
        false,
        false,
        "d9602a16",
        "D:/VPES_GIT/vpes_git/specfile한글/header/header2.h"
    ],
    "D:/VPES_GIT/VPES_GIT/SPECFILE한글/SRC/MODULE2/SRC9.C": [
        "b217028bbef696effe80427d748b2ca0",
        false,
        false,
        "2b134eeb",
        "D:/VPES_GIT/vpes_git/specfile한글/src/module2/src9.c"
    ],
    "D:/VPES_GIT/VPES_GIT/SPECFILE한글/SRC/MODULE3/SRC14.C": [
        "4990d531c32fc2603431c424d3b266d1",
        false,
        false,
        "c5df3c6d",
        "D:/VPES_GIT/vpes_git/specfile한글/src/module3/src14.c"
    ],
    "D:/VPES_GIT/VPES_GIT/SPECFILE한글/HEADER/HEADER17.H": [
        "ad9c04ff47bf9e160ce506b170b2cd63",
        false,
        false,
        "cb95f392",
        "D:/VPES_GIT/vpes_git/specfile한글/header/header17.h"
    ],
    "D:/VPES_GIT/VPES_GIT/SPECFILE한글/SRC/MODULE3/SRC13.C": [
        "16dcf43298cdd0dcb3fc8fdcabb09b03",
        false,
        false,
        "bea79cf9",
        "D:/VPES_GIT/vpes_git/specfile한글/src/module3/src13.c"
    ],
    "C:/MINGW/INCLUDE/STDLIB.H": [
        "_b8f17e978f0ec8bf0f2bda15e3a906fe",
        true,
        false,
        "90aaf383",
        "C:/mingw/include/stdlib.h"
    ],
    "C:/MINGW/INCLUDE/SYS/TYPES.H": [
        "_5a66972d895d221c827fbac33eaf5318",
        true,
        false,
        "4623562d",
        "C:/mingw/include/sys/types.h"
    ],
    "D:/VPES_GIT/VPES_GIT/SPECFILE한글/SRC/MODULE5/SRC34.C": [
        "75934a5722d933475c706129e97661cc",
        false,
        false,
        "66244008",
        "D:/VPES_GIT/vpes_git/specfile한글/src/module5/src34.c"
    ],
    "D:/VPES_GIT/VPES_GIT/SPECFILE한글/SRC/MODULE7/SRC50.C": [
        "adb62dfa01b2fa97858b899370cda45c",
        false,
        false,
        "d79f8d3a",
        "D:/VPES_GIT/vpes_git/specfile한글/src/module7/src50.c"
    ],
    "D:/VPES_GIT/VPES_GIT/SPECFILE한글/HEADER/HEADER16.H": [
        "4332d78ce3c8b11568b93301ad6bf6af",
        false,
        false,
        "32e2645d",
        "D:/VPES_GIT/vpes_git/specfile한글/header/header16.h"
    ],
    "D:/VPES_GIT/VPES_GIT/SPECFILE한글/HEADER/HEADER201.H": [
        "4e182a2354e0bd8a3da169dd71bbc255",
        false,
        false,
        "2c2a915e",
        "D:/VPES_GIT/vpes_git/specfile한글/header/header201.h"
    ],
    "D:/VPES_GIT/VPES_GIT/SPECFILE한글/SRC/MODULE6/SRC43.C": [
        "916c99f971b39deddd257829c9d7ac29",
        false,
        false,
        "911485e4",
        "D:/VPES_GIT/vpes_git/specfile한글/src/module6/src43.c"
    ],
    "D:/VPES_GIT/VPES_GIT/SPECFILE한글/HEADER/HEADER203.H": [
        "dcad9a4636fe4f6c6a906d2430a1116f",
        false,
        false,
        "c054c1d6",
        "D:/VPES_GIT/vpes_git/specfile한글/header/header203.h"
    ],
    "D:/VPES_GIT/VPES_GIT/SPECFILE한글/HEADER/HEADER101.H": [
        "ef92f70fe401d8aa2bfa1c529d271aee",
        false,
        false,
        "15bb6a53",
        "D:/VPES_GIT/vpes_git/specfile한글/header/header101.h"
    ],
    "D:/VPES_GIT/VPES_GIT/SPECFILE한글/HEADER/HEADER8.H": [
        "5750c85a1635dc407c3d4c23fec2ccbd",
        false,
        false,
        "435c992b",
        "D:/VPES_GIT/vpes_git/specfile한글/header/header8.h"
    ],
    "D:/VPES_GIT/VPES_GIT/SPECFILE한글/SRC/MODULE7/SRC53.C": [
        "f872edc7e13b898d3b3ad81a84dde6e0",
        false,
        false,
        "6ceefae2",
        "D:/VPES_GIT/vpes_git/specfile한글/src/module7/src53.c"
    ],
    "D:/VPES_GIT/VPES_GIT/SPECFILE한글/HEADER/HEADER18.H": [
        "223f18de3be73973f394d0521e869f50",
        false,
        false,
        "ee38b940",
        "D:/VPES_GIT/vpes_git/specfile한글/header/header18.h"
    ],
    "D:/VPES_GIT/VPES_GIT/SPECFILE한글/SRC/MODULE5/SRC32.C": [
        "16ecba026bc237f961d0ace2fdcd21a9",
        false,
        false,
        "30a0edb",
        "D:/VPES_GIT/vpes_git/specfile한글/src/module5/src32.c"
    ],
    "D:/VPES_GIT/VPES_GIT/SPECFILE한글/SRC/MODULE4/SRC19.C": [
        "51e9e284925bedfe06cbbf0c1df3ad5d",
        false,
        false,
        "77630a1",
        "D:/VPES_GIT/vpes_git/specfile한글/src/module4/src19.c"
    ],
    "D:/VPES_GIT/VPES_GIT/SPECFILE한글/SRC/MODULE7/SRC54.C": [
        "f663eff17898304941d30b48b901d2e1",
        false,
        false,
        "46a1b845",
        "D:/VPES_GIT/vpes_git/specfile한글/src/module7/src54.c"
    ],
    "D:/VPES_GIT/VPES_GIT/SPECFILE한글/SRC/MODULE4/SRC16.C": [
        "13b774c8b92ffa8be12966e4ce72d8ed",
        false,
        false,
        "e24f4ad5",
        "D:/VPES_GIT/vpes_git/specfile한글/src/module4/src16.c"
    ],
    "D:/VPES_GIT/VPES_GIT/SPECFILE한글/SRC/CPP/STUDY_SAMPLE.H": [
        "1eb83d6d10c43ae29f43de635cb16ba5",
        false,
        false,
        "43c5f1b1",
        "D:/VPES_GIT/vpes_git/specfile한글/src/cpp/study_sample.h"
    ],
    "D:/VPES_GIT/VPES_GIT/SPECFILE한글/HEADER/HEADER301.H": [
        "fd658108fa38b9346e70b9067ed9b5e5",
        false,
        false,
        "8d8ac59a",
        "D:/VPES_GIT/vpes_git/specfile한글/header/header301.h"
    ],
    "C:/MINGW/INCLUDE/ALLOCA.H": [
        "_847a2047980bf5ae0dc36fa0bc2d83f4",
        true,
        false,
        "5782ae8e",
        "C:/mingw/include/alloca.h"
    ],
    "D:/VPES_GIT/VPES_GIT/SPECFILE한글/SRC/MODULE3/SRC15.C": [
        "605367fbd90325cde2144c5cbd85adff",
        false,
        false,
        "d6170731",
        "D:/VPES_GIT/vpes_git/specfile한글/src/module3/src15.c"
    ],
    "D:/VPES_GIT/VPES_GIT/SPECFILE한글/HEADER/HEADER300.H": [
        "c152d2346e66886912c186bd5162d329",
        false,
        false,
        "fbb5edde",
        "D:/VPES_GIT/vpes_git/specfile한글/header/header300.h"
    ],
    "D:/VPES_GIT/VPES_GIT/SPECFILE한글/SRC/CPP/SRC100000.C": [
        "f1477b78f468d06a25ac62fe1c54a87d",
        false,
        false,
        "72a0050",
        "D:/VPES_GIT/vpes_git/specfile한글/src/cpp/src100000.c"
    ],
    "C:/MINGW/INCLUDE/ERRNO.H": [
        "_fa71516ec9d75ec38257db5c5d58d744",
        true,
        false,
        "f4533a58",
        "C:/mingw/include/errno.h"
    ],
    "D:/VPES_GIT/VPES_GIT/SPECFILE한글/HEADER/HEADER6.H": [
        "86a45c8d0bc78829091330c649b8261f",
        false,
        false,
        "82879ea4",
        "D:/VPES_GIT/vpes_git/specfile한글/header/header6.h"
    ],
    "D:/VPES_GIT/VPES_GIT/SPECFILE한글/HEADER/HEADER103.H": [
        "3c0a10fada6fd8bc175acb9a7ac76eed",
        false,
        false,
        "f9c53adb",
        "D:/VPES_GIT/vpes_git/specfile한글/header/header103.h"
    ],
    "D:/VPES_GIT/VPES_GIT/SPECFILE한글/SRC/MODULE6/SRC44.C": [
        "31186a3c77c13ca14b6e825dd10b25a4",
        false,
        false,
        "bb5bc743",
        "D:/VPES_GIT/vpes_git/specfile한글/src/module6/src44.c"
    ],
    "D:/VPES_GIT/VPES_GIT/SPECFILE한글/SRC/MODULE3/SRC12.C": [
        "a8be4943994fe101533499281b8d43a5",
        false,
        false,
        "ad6fa7a5",
        "D:/VPES_GIT/vpes_git/specfile한글/src/module3/src12.c"
    ],
    "D:/VPES_GIT/VPES_GIT/SPECFILE한글/HEADER/HEADER14.H": [
        "67b49a9746cb3c769a9736189d0be2a5",
        false,
        false,
        "1b7c4d82",
        "D:/VPES_GIT/vpes_git/specfile한글/header/header14.h"
    ],
    "C:/MINGW/INCLUDE/_MINGW.H": [
        "_27b6c14785dd091c9f257833c9cd62e5",
        true,
        false,
        "dfcafe6b",
        "C:/mingw/include/_mingw.h"
    ],
    "C:/MINGW/INCLUDE/SDKDDKVER.H": [
        "_c5b3731db59f41610c752227cb51acd3",
        true,
        false,
        "1733a4fe",
        "C:/mingw/include/sdkddkver.h"
    ]
}